Title,Holder,Date,附件,附件名,下载次数
,,,,,
关于做好2024-2025学年第二学期教材选用与征订工作的通知,教材中心,2024/11/15,https://jwch.fzu.edu.cn/system/_content/download.jsp?urltype=news.DownloadAttachUrl&owner=1744984858&wbfileid=15571692,附件1：已出版马克思主义理论研究和建设工程重点教材目录（截至2024年08月，共计117种）.xlsx,173
,,,,,
关于2024-2025学年第一学期再次开放本科生学生证补办及火车票优惠区间更改的通知,综合科,2024/11/15,0,0,0
,,,,,
关于举办福州大学第五十九场“教学有道” 研讨活动的通知,质量办,2024/11/14,0,0,0
,,,,,
关于公布2024年福州大学第十八届本科生数学建模竞赛获奖名单的通知,实践科,2024/11/13,https://jwch.fzu.edu.cn/system/_content/download.jsp?urltype=news.DownloadAttachUrl&owner=1744984858&wbfileid=15571132,附件1：2024年福州大学第十八届本科生数学建模竞赛获奖名单.xlsx,2013
,,,,,
关于2024-2025学年第一学期《习近平新时代中国特色社会主义思想概论》课程期末考试安排的通知,教学运行,2024/11/12,https://jwch.fzu.edu.cn/system/_content/download.jsp?urltype=news.DownloadAttachUrl&owner=1744984858&wbfileid=15565434,2401习概随堂考.xlsx,349
,,,,,
关于组织申报2024-2025学年第二学期通识教育选修课的通知,计划科,2024/11/11,0,0,0
,,,,,
关于举办福州大学第五十八场“教学有道”研讨活动暨数字教材建设专题研讨会的通知,教材中心,2024/11/11,0,0,0
,,,,,
关于公布2024学年各学院转专业实施细则的通知,教学运行,2024/11/8,https://jwch.fzu.edu.cn/system/_content/download.jsp?urltype=news.DownloadAttachUrl&owner=1744984858&wbfileid=14924468,2024各学院转专业细则.pdf,4148
,,,,,
关于2024-2025学年第一学期《线性代数》和《线性代数与解析几何》课程半期考试安排的通知,教学运行,2024/11/7,https://jwch.fzu.edu.cn/system/_content/download.jsp?urltype=news.DownloadAttachUrl&owner=1744984858&wbfileid=14923476,2401线性代数、线性代数与解析几何半期考11.24上午.xlsx,364
,,,,,
关于开展2024年度教育部产学合作协同育人项目结题验收工作的通知,教研教改,2024/11/5,0,0,0
,,,,,
关于2024-2025学年第一学期在校学生申请辅修专业的通知,计划科,2024/11/1,0,0,0
,,,,,
关于2024-2025学年第一学期《高等数学A（上）》、《高等数学B（上）》、《高等数学C（上）》、《高等数学D》课程半期考试安排的通知,教学运行,2024/10/29,https://jwch.fzu.edu.cn/system/_content/download.jsp?urltype=news.DownloadAttachUrl&owner=1744984858&wbfileid=14920804,2401高等数学A（上）、B（上）、C（上）、D半期考11.17上午.xlsx,1494
,,,,,
关于期中党政领导集中听课的通知,质量办,2024/10/28,https://jwch.fzu.edu.cn/system/_content/download.jsp?urltype=news.DownloadAttachUrl&owner=1744984858&wbfileid=14920325,附件1：福州大学课堂教学质量评估表.doc,136
,,,,,
关于做好2024学年本科生转专业工作的通知,教学运行,2024/10/23,0,0,0
,,,,,
关于进一步加强马克思主义理论研究和建设工程重点教材选用工作的通知,教材中心,2024/10/21,https://jwch.fzu.edu.cn/system/_content/download.jsp?urltype=news.DownloadAttachUrl&owner=1744984858&wbfileid=14918680,附件1：已出版马克思主义理论研究和建设工程重点教材目录（截至2024年05月）.xlsx,50
,,,,,
关于举办2024年教师教学创新大赛培训会暨第五十七场“教学有道”研讨活动的通知,质量办,2024/10/21,0,0,0
,,,,,
关于做好2025届预计毕业生电子注册图像采集工作的通知,教学运行,2024/10/21,https://jwch.fzu.edu.cn/system/_content/download.jsp?urltype=news.DownloadAttachUrl&owner=1744984858&wbfileid=14918535,附件3：获得图像采集码途径.pdf,774
,,,,,
关于2024-2025学年第一学期《大学物理A（下）》、《大学物理B（下）》课程半期考试安排的通知,教学运行,2024/10/18,https://jwch.fzu.edu.cn/system/_content/download.jsp?urltype=news.DownloadAttachUrl&owner=1744984858&wbfileid=14918114,2401大物A（下）、B（下）半期考11.2上午.xlsx,438
,,,,,
关于2024年新上岗教师教学达标培训班教师配备导师的通知,质量办,2024/10/16,https://jwch.fzu.edu.cn/system/_content/download.jsp?urltype=news.DownloadAttachUrl&owner=1744984858&wbfileid=14917430,附件：2024年福州大学新上岗教师达标培训班名单（配导师）.xlsx,538
,,,,,
诚邀2019届毕业生参与培养目标达成和职业发展问卷调研,质量办,2024/10/15,0,0,0
,,,,,
关于举办第十六届蓝桥杯全国软件和信息技术专业人才大赛福州大学选拔赛的通知,实践科,2024/10/15,0,0,0
,,,,,
关于举办福州大学第五十六场“教学有道”研讨活动的通知,质量办,2024/10/15,0,0,0
,,,,,
关于全校性通识教育选修课《爱课程：管理沟通》学习的重要提示,计划科,2024/10/14,0,0,0
,,,,,
关于2024-2025学年第一学期《概率论与数理统计》课程半期考试安排的通知,教学运行,2024/10/12,0,0,0
,,,,,
关于填报课程学生出勤率信息的通知,教学运行,2024/10/11,0,0,0
,,,,,
关于2024-2025学年第一学期《高等数学A（下）》课程半期考试安排的通知,教学运行,2024/9/30,0,0,0
,,,,,
关于2024年高校教学基本状态数据库教学相关数据报送的通知,实践科,2024/9/29,0,0,0
,,,,,
关于开展福州大学2024年教师教学创新大赛的通知,质量办,2024/9/29,https://jwch.fzu.edu.cn/system/_content/download.jsp?urltype=news.DownloadAttachUrl&owner=1744984858&wbfileid=14914281,2401概率论半期考10.27下午.xlsx,280
,,,,,
关于组织2024级新生开展学籍信息自查工作的通知,教学运行,2024/9/27,0,0,0
,,,,,
关于举办2024年福州大学大学生工程实践与创新能力大赛暨2024年福建省大学生工程实践与创新能力大赛福州大学分区赛的通知,实践科,2024/9/27,https://jwch.fzu.edu.cn/system/_content/download.jsp?urltype=news.DownloadAttachUrl&owner=1744984858&wbfileid=14911585,2401高等数学A（下）半期考10.13上午.xlsx,387
,,,,,
关于举办福州大学第五十五场“教学有道”研讨活动的通知,教材中心,2024/9/25,https://jwch.fzu.edu.cn/system/_content/download.jsp?urltype=news.DownloadAttachUrl&owner=1744984858&wbfileid=14911306,2024年本科教学相关数据报送表格.zip,379
,,,,,
关于2024年国庆节放假课程调整的通知,教学运行,2024/9/24,https://jwch.fzu.edu.cn/system/_content/download.jsp?urltype=news.DownloadAttachUrl&owner=1744984858&wbfileid=14911304,附件.rar,307
,,,,,
关于通识教育选修课《国际化拔尖创新人才科研训练》宣讲会及选课的通知,计划科,2024/9/23,0,0,0
,,,,,
关于组织2024级学生参加《大学生国家安全教育》课程学习的通知,计划科,2024/9/23,https://jwch.fzu.edu.cn/system/_content/download.jsp?urltype=news.DownloadAttachUrl&owner=1744984858&wbfileid=14910724,附件1：组委会成员名单.docx,477
,,,,,
关于公布《大学生国家安全教育》课程实施方案的通知,计划科,2024/9/23,0,0,0
,,,,,
关于开展思政课教学专项检查的通知,质量办,2024/9/20,0,0,0
,,,,,
关于2024-2025学年第一学期2024级体育理论教室安排的通知,教学运行,2024/9/20,https://jwch.fzu.edu.cn/system/_content/download.jsp?urltype=news.DownloadAttachUrl&owner=1744984858&wbfileid=14909706,2024年秋季国际化拔尖创新人才科研训练具体课程清单.xlsx,776
,,,,,
福州大学关于成立思政课教学指导组的通知,质量办,2024/9/20,https://jwch.fzu.edu.cn/system/_content/download.jsp?urltype=news.DownloadAttachUrl&owner=1744984858&wbfileid=14909664,超星尔雅使用手册（学生版）.pdf,4421
,,,,,
关于做好2024-2025学年第二学期排课准备工作的通知,教学运行,2024/9/19,0,0,0
,,,,,
关于举办福州大学第五十四场“教学有道”研讨活动的通知,质量办,2024/9/14,0,0,0
,,,,,
关于每学期开展常态化课程考核教学档案检查的通知,质量办,2024/9/14,0,0,0
,,,,,
关于2024-2025学年第一学期爱课程平台参加通识教育选修课学习的重要提示,计划科,2024/9/13,0,0,0
,,,,,
关于申请试用高等教育出版社“云创”数字教材创作编写平台的通知,教材中心,2024/9/13,0,0,0
,,,,,
关于公布第二十八、二十九期本科生科研训练计划项目结题成绩的通知,实践科,2024/9/11,0,0,0
,,,,,
关于公布省级以上大学生创新创业训练计划项目结题成绩的通知,实践科,2024/9/11,0,0,0
,,,,,
关于2024年中秋节放假课程调整的通知,教学运行,2024/9/11,0,0,0
,,,,,
关于2024-2025学年第一学期重新学习选课、缴费的通知,教学运行,2024/9/9,0,0,0
,,,,,
关于召开2024-2025学年秋季学期期初本科教育教学工作会议的通知,综合科,2024/9/6,0,0,0
,,,,,
关于2024-2025-01体育理论教室安排（2023级）的通知,教学运行,2024/9/6,https://jwch.fzu.edu.cn/system/_content/download.jsp?urltype=news.DownloadAttachUrl&owner=1744984858&wbfileid=14908056,附件1：福州大学本科课程考核教学档案检查要点.docx,272
,,,,,
关于做好2023-2024学年度本科毕业论文（设计）抽检工作的通知,实践科,2024/9/5,0,0,0
,,,,,
关于开展申请类督导听课工作的通知,质量办,2024/9/5,https://jwch.fzu.edu.cn/system/_content/download.jsp?urltype=news.DownloadAttachUrl&owner=1744984858&wbfileid=14907708,数字平台介绍-7.pdf,133
,,,,,
关于2024级新生领取课程教材的通知,教材中心,2024/9/4,https://jwch.fzu.edu.cn/system/_content/download.jsp?urltype=news.DownloadAttachUrl&owner=1744984858&wbfileid=14907355,附件2：福州大学第二十九期本科生科研训练计划项目结题成绩汇总表.doc,1367
,,,,,
关于2024-2025学年第一学期本科生学生证和火车票优惠区间更改的通知,综合科,2024/9/4,https://jwch.fzu.edu.cn/system/_content/download.jsp?urltype=news.DownloadAttachUrl&owner=1744984858&wbfileid=14907032,附件1：福州大学2022年国家、省级大学生创新创业训练计划项目结题成绩汇总表.xls,856
,,,,,
关于召开2024年宁夏大学、银川能源学院本科生赴福州大学访学见面交流会的通知,综合科,2024/9/2,0,0,0
,,,,,
关于公布2024-2025学年第一学期通选课取消开课名单的通知,计划科,2024/9/2,0,0,0
,,,,,
关于做好2024年9月退役复学学生转专业的通知,教学运行,2024/9/2,0,0,0
,,,,,
关于2024级本科生（含访学学生）学生证信息采集的通知,综合科,2024/9/2,0,0,0
,,,,,
福州大学关于开展2024级“数智实验班” 招生工作的通知,教研教改,2024/8/30,https://jwch.fzu.edu.cn/system/_content/download.jsp?urltype=news.DownloadAttachUrl&owner=1744984858&wbfileid=14904997,附件1：专家信息汇总表.xlsx,358
,,,,,
关于购买优惠火车票相关事宜的通知,综合科,2024/8/30,https://jwch.fzu.edu.cn/system/_content/download.jsp?urltype=news.DownloadAttachUrl&owner=1744984858&wbfileid=14904857,附件：2024年秋季学期申请类督导听课汇总表.docx,183
,,,,,
福州大学关于开展2024级“嘉锡化学拔尖班”招生工作的通知,教研教改,2024/8/30,0,0,0
,,,,,
福州大学关于开展2024级“数理综合班”招生工作的通知,教研教改,2024/8/30,0,0,0
,,,,,
福州大学关于开展2024级“数理金融实验班”招生工作的通知,教研教改,2024/8/30,0,0,0
,,,,,
关于2024-2025学年第一学期辅修专业补退选、缴费的通知,教学运行,2024/8/26,0,0,0
,,,,,
关于2024-2025学年第一学期港澳台侨学生思政课和军事课程退选替代的通知,计划科,2024/8/25,https://jwch.fzu.edu.cn/system/_content/download.jsp?urltype=news.DownloadAttachUrl&owner=1744984858&wbfileid=14903737,福州大学本科生转专业管理实施办法.doc,319
,,,,,
关于2024-2025学年第一学期通识教育选修课选课的通知,计划科,2024/8/25,0,0,0
,,,,,
关于开学第一周集中听课的通知,质量办,2024/8/25,https://jwch.fzu.edu.cn/system/_content/download.jsp?urltype=news.DownloadAttachUrl&owner=1744984858&wbfileid=14903337,附件2：福州大学2024级“数智实验班”选拔方案.docx,1368
,,,,,
关于2024-2025学年第一学期学期选课补退选的通知,教学运行,2024/8/25,0,0,0
,,,,,
关于开展2024年工程教育认证研讨培训的通知,质量办,2024/8/2,0,0,0
,,,,,
福州大学关于印发《福州大学本科生转专业管理实施办法》的通知,教学运行,2024/8/1,0,0,0
,,,,,
关于转发《关于举办2024年福建省大学生人工智能创意赛暨N腾AI创新大赛的通知》的通知,实践科,2024/7/10,0,0,0
,,,,,
关于公布第十三届大学生软件设计与服务外包创新创业竞赛获奖名单的通知,实践科,2024/7/6,0,0,0
,,,,,
教务处关于2024年暑假用印安排的通知,综合科,2024/7/6,0,0,0
,,,,,
关于公布福州大学2024届本科生优秀毕业设计（论文）名单的通知,实践科,2024/7/6,https://jwch.fzu.edu.cn/system/_content/download.jsp?urltype=news.DownloadAttachUrl&owner=1744984858&wbfileid=14903271,附件1：福州大学2024级“数理综合班”招生简章.doc,1719
,,,,,
福州大学关于公布第八届 远志创业实验班学生名单的通知,教研教改,2024/7/1,https://jwch.fzu.edu.cn/system/_content/download.jsp?urltype=news.DownloadAttachUrl&owner=1744984858&wbfileid=14903267,附件2：福州大学2024级“数理金融实验班”选拔方案.doc,1075
,,,,,
关于2024-2025学年第一学期辅修专业选课的通知,教学运行,2024/7/1,0,0,0
,,,,,
友情提示,综合科,2024/6/29,https://jwch.fzu.edu.cn/system/_content/download.jsp?urltype=news.DownloadAttachUrl&owner=1744984858&wbfileid=14901557,2024-2025学年第一学期国情课列表.docx,643
,,,,,
关于做好期末复习考试及下学期开学等工作的通知,教学运行,2024/6/26,https://jwch.fzu.edu.cn/system/_content/download.jsp?urltype=news.DownloadAttachUrl&owner=1744984858&wbfileid=14901547,超星尔雅使用手册（学生版）.pdf,1764
,,,,,
关于公布2024年第二十四届数学竞赛获奖名单的通知,实践科,2024/6/26,https://jwch.fzu.edu.cn/system/_content/download.jsp?urltype=news.DownloadAttachUrl&owner=1744984858&wbfileid=14901500,附件1：福州大学课堂教学质量评估表.doc,224
,,,,,
关于公布第十五届企业经营模拟沙盘对抗赛获奖名单的通知,实践科,2024/6/26,0,0,0
,,,,,
关于召开数字教材建设研讨会的通知,教材中心,2024/6/25,https://jwch.fzu.edu.cn/system/_content/download.jsp?urltype=news.DownloadAttachUrl&owner=1744984858&wbfileid=14898472,附件1：关于组织2024年工程教育认证研讨培训的通告.docx,385
,,,,,
关于核对2024-2025学年第一学期通识教育选修课开课信息的有关通知,计划科,2024/6/25,0,0,0
,,,,,
关于转发福建省教育厅办公室《关于举办2024年本科高校课程思政骨干教师、研究生导师培训班的通知》的通知,教研教改,2024/6/21,https://jwch.fzu.edu.cn/system/_content/download.jsp?urltype=news.DownloadAttachUrl&owner=1744984858&wbfileid=14895469,附件：关于举办2024年福建省大学生人工智能创意赛暨N腾AI创新大赛的通知.pdf,1052
,,,,,
关于组织教师和学生参加人工智能赋能高等教育调查报告全国抽样调查问卷的通知,教研教改,2024/6/21,0,0,0
,,,,,
关于2023-2024学年第二学期《大学物理A（上）》、《大学物理B（上）》、《大学物理C》课程期末考试安排的通知,教学运行,2024/6/21,0,0,0
,,,,,
关于2023-2024学年第二学期《大学英语（二）》、《大学英语（四）》课程期末考试安排的通知,教学运行,2024/6/20,https://jwch.fzu.edu.cn/system/_content/download.jsp?urltype=news.DownloadAttachUrl&owner=1744984858&wbfileid=14638795,附件：福州大学2024届优秀本科生毕业设计（论文）名单.doc,2336
,,,,,
关于2023-2024学年第二学期《英语专题》课程期末考试安排的通知,教学运行,2024/6/20,0,0,0
,,,,,
关于2023-2024学年第二学期《工程制图A（下）》、《工程制图D》、《工程制图F》课程期末考试安排的通知,教学运行,2024/6/19,0,0,0
,,,,,
关于2024-2025学年第一学期本科生学期选课的通知,教学运行,2024/6/17,0,0,0
,,,,,
关于2023-2024学年第二学期《大学英语（三）》课程期末考试安排的通知,教学运行,2024/6/17,0,0,0
,,,,,
关于转发组织申报福建省高等教育学会2024年度高等教育科学研究实验室研究专项课题的通知,实践科,2024/6/14,0,0,0
,,,,,
关于2023-2024学年第二学期《高等数学A（中）》、《高等数学B（下）》、《高等数学C（下）》课程期末考试安排的通知,教学运行,2024/6/12,0,0,0
,,,,,
关于转发《关于举办第十四届海峡两岸信息服务创新大赛暨福建省第十八届计算机软件设计大赛的通知》的通知,实践科,2024/6/11,0,0,0
,,,,,
关于公布第三十期本科生科研训练计划立项项目的通知,实践科,2024/6/7,0,0,0
,,,,,
关于组织申报福建省新文科教育研究中心第二批高校新文科建设优秀案例的通知,教研教改,2024/6/5,0,0,0
,,,,,
福州大学关于公布2022级数理综合班 专业分流学生名单及学科导师名单的通知,教研教改,2024/6/5,0,0,0
,,,,,
福州大学关于公布2022级数理金融 实验班学生主辅修专业及导师名单的通知,教研教改,2024/6/5,0,0,0
,,,,,
关于2024-2025学年第一学期修读辅修专业学生名单的公示,计划科,2024/6/5,0,0,0
,,,,,
关于举办福州大学第五十三场“教学有道” 研讨活动的通知,质量办,2024/6/5,0,0,0
,,,,,
关于做好2024-2025学年第一学期教材选用及征订工作的通知（更新）,教材中心,2024/6/4,0,0,0
,,,,,
关于2023-2024学年第二学期《马克思主义基本原理》课程期末考试安排的通知,教学运行,2024/6/4,https://jwch.fzu.edu.cn/system/_content/download.jsp?urltype=news.DownloadAttachUrl&owner=1744984858&wbfileid=14625019,2302 大学物理A（上）、B（上）、C课期末考7.4.xlsx,465
,,,,,
关于2023-2024学年第二学期《毛泽东思想和中国特色社会主义理论体系概论》课程期末考试安排的通知,教学运行,2024/6/4,https://jwch.fzu.edu.cn/system/_content/download.jsp?urltype=news.DownloadAttachUrl&owner=1744984858&wbfileid=14624676,2302 大学英语（二）、大学英语（四）课程期末考6.22上午.xlsx,388
,,,,,
福州大学关于推荐新一届教育部高等学校教学指导委员会专家的通知,教学通知,2024/5/30,https://jwch.fzu.edu.cn/system/_content/download.jsp?urltype=news.DownloadAttachUrl&owner=1744984858&wbfileid=14624645,2302 英语专题课期末考6.29.xlsx,445
,,,,,
关于2024年端午放假课程调整的通知,教学运行,2024/5/30,https://jwch.fzu.edu.cn/system/_content/download.jsp?urltype=news.DownloadAttachUrl&owner=1744984858&wbfileid=14624501,2302 工程制图A（下）、D、F期末考6.30上午.xlsx,371
,,,,,
关于2023-2024学年第二学期《工程制图（C）》课程期末考试安排的通知,教学运行,2024/5/29,0,0,0
,,,,,
关于2023-2024学年第二学期《思想道德与法治》课程期末考试安排的通知,教学运行,2024/5/29,https://jwch.fzu.edu.cn/system/_content/download.jsp?urltype=news.DownloadAttachUrl&owner=1744984858&wbfileid=14623875,2302 大学英语（三）期末考 6.23上午.xlsx,449
,,,,,
关于2023-2024学年第二学期《概率论与数理统计》课程期末考试安排的通知,教学运行,2024/5/27,https://jwch.fzu.edu.cn/system/_content/download.jsp?urltype=news.DownloadAttachUrl&owner=1744984858&wbfileid=14623545,附件1：关于组织申报福建高等教育学会2024年度高等教育科学研究实验室研究专项课题的通知（闽高会[2024]1号）.pdf,422
,,,,,
关于2023-2024学年第二学期《中国近现代史纲要》课程期末考试安排的通知,教学运行,2024/5/24,https://jwch.fzu.edu.cn/system/_content/download.jsp?urltype=news.DownloadAttachUrl&owner=1744984858&wbfileid=14622719,2302 高等数学A（中）期末考 6.23下午.xlsx,395
,,,,,
关于2023-2024学年第二学期《线性代数》课程期末考试安排的通知,教学运行,2024/5/24,https://jwch.fzu.edu.cn/system/_content/download.jsp?urltype=news.DownloadAttachUrl&owner=1744984858&wbfileid=14622014,闽工信联软件〔2024〕41号福建省工业和信息化厅等八部门关于举办第十四届海峡两岸信息服务创新大赛暨福建省第十八届计算机软件设计大赛的通知.pdf,639
,,,,,
关于公布2024年本科生创新创业实践与素质拓展学分认定结果的通知,实践科,2024/5/22,https://jwch.fzu.edu.cn/system/_content/download.jsp?urltype=news.DownloadAttachUrl&owner=1744984858&wbfileid=14622146,附件1：福州大学2024年国家级、省级大学生创新创业训练计划推荐立项项目汇总表 .doc,1818
,,,,,
福州大学关于开展优秀拔尖创新人才培养案例征集的通知,教研教改,2024/5/22,0,0,0
,,,,,
福州大学关于开展第八届远志创业实验班招生工作的通知,教研教改,2024/5/17,0,0,0
,,,,,
关于2023-2024学年第二学期《习近平新时代中国特色社会主义思想概论》课程期末考试安排的通知,教学运行,2024/5/15,0,0,0
,,,,,
关于2025届预计毕业生核对电子注册学历信息的通知,教学运行,2024/5/15,0,0,0
,,,,,
关于2023-2024学年第二学期计算机语言类课程期末考试安排的通知,教学运行,2024/5/15,0,0,0
,,,,,
关于公布第十届桥梁设计大赛获奖名单的通知,实践科,2024/5/11,https://jwch.fzu.edu.cn/system/_content/download.jsp?urltype=news.DownloadAttachUrl&owner=1744984858&wbfileid=14620416,附件1：已出版马克思主义理论研究和建设工程重点教材目录（截至2024年05月，共计116种）.xlsx,411
,,,,,
关于做好国家、省级大学生创新创业训练计划项目结题工作的通知,实践科,2024/5/10,https://jwch.fzu.edu.cn/system/_content/download.jsp?urltype=news.DownloadAttachUrl&owner=1744984858&wbfileid=14620411,2302  马克思主义基本原理 期末考试.xlsx,434
,,,,,
关于做好第二十八期、二十九期本科生科研训练计划项目结题工作的通知,实践科,2024/5/10,0,0,0
,,,,,
关于举办福州大学第五十二场“教学有道” 研讨活动的通知,教材中心,2024/5/9,0,0,0
,,,,,
关于2023-2024学年第二学期再次开放本科生学生证和火车票优惠卡补办及火车票优惠卡更改区间的通知,综合科,2024/5/8,0,0,0
,,,,,
2023-2024学年第二学期在校学生申请辅修专业的通知,计划科,2024/5/7,0,0,0
,,,,,
关于组织申报2024-2025学年第一学期通识教育选修课的通知,计划科,2024/5/6,https://jwch.fzu.edu.cn/system/_content/download.jsp?urltype=news.DownloadAttachUrl&owner=1744984858&wbfileid=14620410,2302 毛泽东思想和中国特色社会主义理论体系概论  期末考.xlsx,364
,,,,,
关于公布第四届福州大学大学生先进成图技术与产品信息建模创新大赛获奖名单的通知,实践科,2024/4/30,https://jwch.fzu.edu.cn/system/_content/download.jsp?urltype=news.DownloadAttachUrl&owner=1744984858&wbfileid=14619035,附件4：推荐委员信息一览表.xlsx,283
,,,,,
福州大学关于公布第二十一届程序设计竞赛获奖名单的通知,实践科,2024/4/30,0,0,0
,,,,,
关于开展2024年拟出版本科教材审核工作的通知,教材中心,2024/4/29,https://jwch.fzu.edu.cn/system/_content/download.jsp?urltype=news.DownloadAttachUrl&owner=1744984858&wbfileid=14618057,2302 工程制图C（下）期末考试 6.16下午.xlsx,347
,,,,,
关于对2024届本科毕业设计（论文）试行AIGC检测的通知,实践科,2024/4/28,https://jwch.fzu.edu.cn/system/_content/download.jsp?urltype=news.DownloadAttachUrl&owner=1744984858&wbfileid=14618055,2302 德法 期末考.xlsx,401
,,,,,
关于2023-2024学年第二学期《工程制图E》课程期末考试安排的通知,教学运行,2024/4/28,https://jwch.fzu.edu.cn/system/_content/download.jsp?urltype=news.DownloadAttachUrl&owner=1744984858&wbfileid=14615348,2302 概率期末考 6.2下午.xlsx,434
,,,,,
关于公布福州大学第十四届大学生节能减排社会实践与科技竞赛暨第十届材料创新、设计及应用竞赛获奖名单的通知,实践科,2024/4/26,https://jwch.fzu.edu.cn/system/_content/download.jsp?urltype=news.DownloadAttachUrl&owner=1744984858&wbfileid=14613665,2302 近现代 期末考试.xlsx,562
,,,,,
关于开展2024届本科毕业设计（论文）抽检送审工作的通知,实践科,2024/4/26,https://jwch.fzu.edu.cn/system/_content/download.jsp?urltype=news.DownloadAttachUrl&owner=1744984858&wbfileid=14613663,2302 线性代数期末考 6.2下午.xlsx,400
,,,,,
关于举办福州大学第五十一场“教学有道”  研讨活动的通知,质量办,2024/4/26,https://jwch.fzu.edu.cn/system/_content/download.jsp?urltype=news.DownloadAttachUrl&owner=1744984858&wbfileid=14613260,附件：福州大学本科生创新创业实践与素质拓展学分认定汇总表.doc,1829
,,,,,
关于2024年五一劳动节放假课程调整的通知,教学运行,2024/4/26,https://jwch.fzu.edu.cn/system/_content/download.jsp?urltype=news.DownloadAttachUrl&owner=1744984858&wbfileid=14613251,附件2：案例撰写格式.docx,321
,,,,,
关于举办福州大学第五十场“教学有道”  研讨活动的通知,质量办,2024/4/24,https://jwch.fzu.edu.cn/system/_content/download.jsp?urltype=news.DownloadAttachUrl&owner=1744984858&wbfileid=14612014,附件1：福州大学第八届远志创业实验班招生简章.docx,974
,,,,,
关于2023-2024-02学期体育理论课安排的通知,教学运行,2024/4/24,https://jwch.fzu.edu.cn/system/_content/download.jsp?urltype=news.DownloadAttachUrl&owner=1744984858&wbfileid=14611555,2302习概论期末考试.xlsx,484
,,,,,
关于举办2024年福州大学第二十四届数学竞赛的通知,实践科,2024/4/23,0,0,0
,,,,,
福州大学关于公布第八届网络信息安全竞赛获奖名单的通知,实践科,2024/4/22,https://jwch.fzu.edu.cn/system/_content/download.jsp?urltype=news.DownloadAttachUrl&owner=1744984858&wbfileid=14611191,2302计算机语言课期末考试6.1.xlsx,590
,,,,,
关于举办福州大学第六届大学生机器人竞赛的通知,实践科,2024/4/19,0,0,0
,,,,,
关于举办福州大学第十八届数学建模竞赛的通知,实践科,2024/4/19,https://jwch.fzu.edu.cn/system/_content/download.jsp?urltype=news.DownloadAttachUrl&owner=1744984858&wbfileid=14608195,国创省创结题附件.zip,906
,,,,,
关于举办福州大学第二十一届程序设计竞赛暨校ACM/ICPC集训队选拔赛的通知,实践科,2024/4/17,0,0,0
,,,,,
关于举办福州大学第四十九场“教学有道”研讨活动的通知,质量办,2024/4/17,0,0,0
,,,,,
关于第61届中国高等教育博览会的参会指南,综合科,2024/4/12,0,0,0
,,,,,
关于召开2024版本科人才培养方案修订工作专题会议的通知,计划科,2024/4/11,0,0,0
,,,,,
关于对2024届本科毕业设计（论文）进行查重检测的通知,实践科,2024/4/10,0,0,0
,,,,,
关于2024届预计毕业生补拍电子注册学历照片的通知,教学运行,2024/4/10,0,0,0
,,,,,
关于开展2023年新上岗教师课堂授课达标考核的通知,质量办,2024/4/8,0,0,0
,,,,,
关于2023-2024学年第二学期《线性代数》课程半期考试安排的通知,教学运行,2024/4/7,0,0,0
,,,,,
关于2023-2024学年第二学期《大学物理A（上）》、《大学物理B（上）》课程半期考试安排的通知,教学运行,2024/4/7,0,0,0
,,,,,
关于2023-2024学年第二学期《概率论与数理统计》课程半期考试安排的通知,教学运行,2024/4/3,0,0,0
,,,,,
关于2023-2024学年第二学期《高等数学A（中）》、《高等数学B（下）》、《高等数学C（下）》课程半期考试安排的通知,教学运行,2024/4/3,0,0,0
,,,,,
关于组织教师参加第61届中国高等教育博览会的通知,综合科,2024/4/2,https://jwch.fzu.edu.cn/system/_content/download.jsp?urltype=news.DownloadAttachUrl&owner=1744984858&wbfileid=14620223,附件1：福州大学教材管理实施细则（试行）.pdf,280
,,,,,
关于2024年清明节放假课程调整的通知,教学运行,2024/4/1,0,0,0
,,,,,
关于举办福州大学第十五届企业经营模拟沙盘对抗赛的通知,实践科,2024/3/27,https://jwch.fzu.edu.cn/system/_content/download.jsp?urltype=news.DownloadAttachUrl&owner=1744984858&wbfileid=14604454,2302 工程制图E期末考试 5.12上午.xlsx,459
,,,,,
关于组织开展第十七届中国大学生计算机设计大赛福州大学校内预选赛的通知,实践科,2024/3/27,0,0,0
,,,,,
关于举办福州大学第四届大学生先进成图技术与产品信息建模创新大赛的通知,实践科,2024/3/27,https://jwch.fzu.edu.cn/system/_content/download.jsp?urltype=news.DownloadAttachUrl&owner=1744984858&wbfileid=14604108,附件1：福建省本科毕业论文（设计）抽检评议要素（试行）.docx,2164
,,,,,
关于举办福州大学第十四届大学生节能减排社会实践与科技竞赛暨第十届材料创新、设计及应用竞赛的通知,实践科,2024/3/22,0,0,0
,,,,,
关于举办福州大学第八届网络信息安全竞赛的通知,实践科,2024/3/21,0,0,0
,,,,,
关于做好2024-2025学年第一学期排课准备工作的通知,教学运行,2024/3/18,0,0,0
,,,,,
关于更改2023-2024学年春季学期期初本科教育教学工作会议时间的通知,综合科,2024/3/14,0,0,0
,,,,,
关于举办福州大学第十三届大学生软件设计与服务外包创新创业竞赛的通知,实践科,2024/3/13,https://jwch.fzu.edu.cn/system/_content/download.jsp?urltype=news.DownloadAttachUrl&owner=1744984858&wbfileid=14602578,附件3：福州大学第二十四届数学竞赛大纲.pdf,1457
,,,,,
关于通识选修课《爱课程：美化嗓音 轻松讲课》开课的友情提示 ,计划科,2024/3/13,0,0,0
,,,,,
关于召开2023-2024学年春季学期期初本科教育教学工作会议的通知,综合科,2024/3/13,https://jwch.fzu.edu.cn/system/_content/download.jsp?urltype=news.DownloadAttachUrl&owner=1744984858&wbfileid=14601554,附件.zip,473
,,,,,
关于转发《关于邀请省内高校大学生参与2024数字中国创新大赛的函》的通知,实践科,2024/3/12,0,0,0
,,,,,
关于2023-2024学年第二学期重新学习选课、缴费的通知,教学运行,2024/3/11,0,0,0
,,,,,
关于2023-2024学年第二学期爱课程平台参加通识教育选修课学习的重要提示,计划科,2024/3/11,0,0,0
,,,,,
关于组织教师参加第四届福建省教师教学创新大赛产教融合赛道的通知,质量办,2024/3/6,0,0,0
,,,,,
关于参加2024年（第十届）全国大学生统计建模大赛的通知,实践科,2024/3/5,0,0,0
,,,,,
关于做好第三十期本科生科研训练计划项目立项申报工作的通知,实践科,2024/3/5,0,0,0
,,,,,
关于公布2023-2024学年第二学期通选课取消开课名单的通知,计划科,2024/3/4,0,0,0
,,,,,
关于2023-2024学年第二学期本科生学生证和火车票优惠卡补办及火车票优惠卡更改区间的通知,综合科,2024/2/29,0,0,0
,,,,,
关于做好2024年3月退役复学学生转专业的通知,教学运行,2024/2/27,0,0,0
,,,,,
关于通识教育选修课《国际化拔尖创新人才科研训练》宣讲会及选课的通知,计划科,2024/2/27,https://jwch.fzu.edu.cn/system/_content/download.jsp?urltype=news.DownloadAttachUrl&owner=1744984858&wbfileid=14592996,附件：维普论文检测系统查重标准及格式报告说明.doc,5589
,,,,,
关于2024届本科毕业生创新创业实践与素质拓展学分认定工作的通知,实践科,2024/2/26,https://jwch.fzu.edu.cn/system/_content/download.jsp?urltype=news.DownloadAttachUrl&owner=1744984858&wbfileid=14592958,附件2：获得图像采集码途径.pdf,399
,,,,,
关于2023-2024学年第二学期港澳台侨学生思政课和军事课程退选替代的通知,计划科,2024/2/25,https://jwch.fzu.edu.cn/system/_content/download.jsp?urltype=news.DownloadAttachUrl&owner=1744984858&wbfileid=14592375,附件1：2023年福州大学新上岗教师教学达标培训班名单汇总表.xlsx,585
,,,,,
关于对2023年学院教学有关数据进行统计的通知,实践科,2024/2/25,https://jwch.fzu.edu.cn/system/_content/download.jsp?urltype=news.DownloadAttachUrl&owner=1744984858&wbfileid=14591952,2302线代半期考4.27上午.xlsx,492
,,,,,
关于2023-2024学年第二学期通识教育选修课选课的通知,计划科,2024/2/25,https://jwch.fzu.edu.cn/system/_content/download.jsp?urltype=news.DownloadAttachUrl&owner=1744984858&wbfileid=14591958,2302大物半期考4.21下午.xlsx,560
,,,,,
关于开学第一周集中听课的通知,质量办,2024/2/25,https://jwch.fzu.edu.cn/system/_content/download.jsp?urltype=news.DownloadAttachUrl&owner=1744984858&wbfileid=14591439,2302概率半期考4.14下午.xlsx,458
,,,,,
关于2023-2024第二学期学期选课、辅修选课补退选的通知,教学运行,2024/2/25,https://jwch.fzu.edu.cn/system/_content/download.jsp?urltype=news.DownloadAttachUrl&owner=1744984858&wbfileid=14591438,2302高数半期考4.14上午.xlsx,696
,,,,,
关于推荐申报实验教学和教学实验室建设研究项目的通知,实践科,2024/2/6,https://jwch.fzu.edu.cn/system/_content/download.jsp?urltype=news.DownloadAttachUrl&owner=1744984858&wbfileid=14590885,附件4：参会教师名单收集汇总表.xls,327
,,,,,
关于2024年春季学期《大学物理实验》绪论课程教室安排的通知,教学运行,2024/1/20,0,0,0
,,,,,
教务处关于2024年寒假用印安排的通知,综合科,2024/1/20,https://jwch.fzu.edu.cn/system/_content/download.jsp?urltype=news.DownloadAttachUrl&owner=1744984858&wbfileid=14589204,附件：福州大学第十五届企业经营模拟沙盘对抗赛报名表.doc,713
,,,,,
关于组织申报福建省“十四五”普通高等教育本科规划教材建设项目的通知,教材中心,2024/1/18,https://jwch.fzu.edu.cn/system/_content/download.jsp?urltype=news.DownloadAttachUrl&owner=1744984858&wbfileid=14589112,附件1：中大计赛函[2024]1 号 关于举办“2024 年（第 17 届）中国大学生计算机设计大赛”的 通 知.pdf,577
,,,,,
关于上报学院本科教育教学质量保障2023年工作总结和2024年工作计划的通知,质量办,2024/1/12,https://jwch.fzu.edu.cn/system/_content/download.jsp?urltype=news.DownloadAttachUrl&owner=1744984858&wbfileid=14589086,附件2：福州大学第四届大学生先进成图技术与产品信息建模创新大赛报名表.xls,574
,,,,,
关于核对2023-2024学年第二学期通识教育选修课开课信息的通知,计划科,2024/1/11,https://jwch.fzu.edu.cn/system/_content/download.jsp?urltype=news.DownloadAttachUrl&owner=1744984858&wbfileid=14587055,附件1-4.doc,517
,,,,,
关于召开2023-2024学年秋季学期期末本科教育教学工作会议的通知,综合科,2024/1/10,0,0,0
,,,,,
关于2023-2024学年第二学期辅修专业选课的通知,教学运行,2024/1/9,0,0,0
,,,,,
关于组织参加2024年美国大学生数学建模竞赛通知,实践科,2024/1/8,0,0,0
,,,,,
关于做好期末复习考试及下学期开学等工作的通知,教学运行,2024/1/3,0,0,0
,,,,,
关于2023-2024学年第一学期《高等数学C（上）》、《高等数学D》课程期末考试安排的通知,教学运行,2024/1/2,0,0,0
,,,,,
关于2023-2024学年第一学期《高等数学A（上）》、《高等数学B（上）》课程期末考试安排的通知,教学运行,2024/1/2,0,0,0
,,,,,
关于2023-2024学年第一学期《大学物理A（下）》课程期末考试安排的通知,教学运行,2024/1/2,https://jwch.fzu.edu.cn/system/_content/download.jsp?urltype=news.DownloadAttachUrl&owner=1744984858&wbfileid=14583438,附件：数字中国建设峰会组委会秘书处关于商请邀请省内高校学生参与2024数字中国创新大赛的函.pdf,756
,,,,,
关于2023-2024学年第一学期《大学英语（二）》课程期末考试安排的通知,教学运行,2024/1/2,0,0,0
,,,,,
关于2023-2024学年第一学期《大学英语（一）》、《大学英语（三）》课程期末考试安排的通知,教学运行,2024/1/2,0,0,0
,,,,,
关于2023-2024学年第一学期《工程制图A（上）》、《工程制图C（上）》、《工程制图D》、《工程制图F》课程期末考试安排的通知,教学运行,2024/1/2,0,0,0
,,,,,
关于公布大学生校外实践教学基地检查结果的通知,实践科,2023/12/29,0,0,0
,,,,,
关于公布首批大学生示范性校外实践教学基地名单的通知,实践科,2023/12/28,0,0,0
,,,,,
关于开展福建省第二批新工科教育优秀教学案例征集、实践平台共建共享推荐工作的通知,教研教改,2023/12/26,0,0,0
,,,,,
关于开展福建省高校第二批课程思政优秀教学案例推荐工作的通知,教研教改,2023/12/26,https://jwch.fzu.edu.cn/system/_content/download.jsp?urltype=news.DownloadAttachUrl&owner=1744984858&wbfileid=14581598,附件2 福州大学教师教学创新大赛产教融合赛道 学院推荐名单汇总表.docx,339
,,,,,
福州大学关于公布2023年教师教学创新大赛获奖名单的通知,质量办,2023/12/26,0,0,0
,,,,,
关于2023-2024学年第二学期本科生学期选课的通知,教学运行,2023/12/25,https://jwch.fzu.edu.cn/system/_content/download.jsp?urltype=news.DownloadAttachUrl&owner=1744984858&wbfileid=14581442,第30期SRTP附件.zip,3552
,,,,,
关于2024年元旦放假课程调整的通知,教学运行,2023/12/25,0,0,0
,,,,,
关于转发教育部高等教育司《关于公布2023年产学合作协同育人项目立项名单的通知》的通知,教研教改,2023/12/21,0,0,0
,,,,,
关于2023-2024学年第一学期《大学英语（四）》课程期末考试安排的通知,教学运行,2023/12/21,https://jwch.fzu.edu.cn/system/_content/download.jsp?urltype=news.DownloadAttachUrl&owner=1744984858&wbfileid=14580283,福州大学参军退伍复学后学生转专业审批表.doc,483
,,,,,
关于2023-2024学年第一学期《线性代数》、《线性代数与解析几何》课程期末考试安排的通知,教学运行,2023/12/21,https://jwch.fzu.edu.cn/system/_content/download.jsp?urltype=news.DownloadAttachUrl&owner=1744984858&wbfileid=14580133,附件1国际化拔尖创新人才科研训练具体课程清单.xlsx,1812
,,,,,
关于2023-2024学年第一学期计算机语言类课程期末考试安排的通知,教学运行,2023/12/21,https://jwch.fzu.edu.cn/system/_content/download.jsp?urltype=news.DownloadAttachUrl&owner=1744984858&wbfileid=14579917,福州大学本科生创新创业实践与素质拓展学分申报汇总表、申请表.doc,2210
,,,,,
关于做好2023年省级以上大学生创新创业训练计划项目和第二十九期本科生科研训练计划项目中期检查工作的通知,实践科,2023/12/19,https://jwch.fzu.edu.cn/system/_content/download.jsp?urltype=news.DownloadAttachUrl&owner=1744984858&wbfileid=14579883,2023-2024学年第二学期国情课列表.docx,738
,,,,,
关于2023-2024学年第一学期《思想道德与法治》课程期末考试安排的通知,教学运行,2023/12/18,https://jwch.fzu.edu.cn/system/_content/download.jsp?urltype=news.DownloadAttachUrl&owner=1744984858&wbfileid=14579832,2023年学院教学有关数据统计表格下载.zip,727
,,,,,
关于2023-2024学年第一学期《中国近现代史纲要》课程期末考试安排的通知,教学运行,2023/12/18,https://jwch.fzu.edu.cn/system/_content/download.jsp?urltype=news.DownloadAttachUrl&owner=1744984858&wbfileid=14583720,24春夏智慧树学生手册更新（可导学用）最新E(2).pptx,415
,,,,,
关于2023年新上岗教师教学达标培训班教师配备导师的通知,质量办,2023/12/15,https://jwch.fzu.edu.cn/system/_content/download.jsp?urltype=news.DownloadAttachUrl&owner=1744984858&wbfileid=14579817,附件1：福州大学课堂教学质量评估表.doc,315
,,,,,
关于举办福州大学第十届桥梁设计大赛的通知,实践科,2023/12/6,0,0,0
,,,,,
福州大学关于开展第三批国家级一流本科课程申报推荐工作的通知,教研教改,2023/12/6,https://jwch.fzu.edu.cn/system/_content/download.jsp?urltype=news.DownloadAttachUrl&owner=1744984858&wbfileid=14578976,附件1：实验教学和教学实验室建设研究项目申报书.docx,539
,,,,,
转发教育部办公厅关于印发《 “十四五”普通高等教育本科国家级规划教材建设实施方案》的通知,教材中心,2023/12/5,https://jwch.fzu.edu.cn/system/_content/download.jsp?urltype=news.DownloadAttachUrl&owner=1744984858&wbfileid=14576449,2024大物实验（上）绪论排课.xlsx,736
,,,,,
关于2023-2024学年第一学期《马克思主义基本原理》课程期末考试安排的通知,教学运行,2023/12/5,0,0,0
,,,,,
关于2023-2024学年第一学期《毛泽东思想和中国特色社会主义理论体系概论》课程期末考试安排的通知,教学运行,2023/12/5,https://jwch.fzu.edu.cn/system/_content/download.jsp?urltype=news.DownloadAttachUrl&owner=1744984858&wbfileid=14575797,福建省教育厅关于开展福建省“十四五”普通高等教育本科规划教材建设工作的通知.pdf,620
,,,,,
关于做好2024届本科生毕业设计（论文）工作的通知,实践科,2023/12/4,0,0,0
,,,,,
关于2023-2024学年第二学期修读辅修专业学生名单的公示,计划科,2023/12/4,0,0,0
,,,,,
关于开展大学生校外实践教学基地抽检评审的通知,实践科,2023/11/29,0,0,0
,,,,,
关于公布2023年福州大学课程思政示范项目立项建设名单的通知,教研教改,2023/11/28,0,0,0
,,,,,
关于2023-2024学年第一学期《概率论与数理统计》课程期末考试安排的通知,教学运行,2023/11/27,0,0,0
,,,,,
关于2023-2024学年第一学期《大学物理B（下）》课程期末考试安排的通知,教学运行,2023/11/27,0,0,0
,,,,,
关于做好2023-2024学年第二学期教材选用及征订工作的通知,教材中心,2023/11/23,0,0,0
,,,,,
关于公布第十五届蓝桥杯全国软件和信息技术专业人才大赛省赛参赛资格名单的通知,实践科,2023/11/22,0,0,0
,,,,,
关于举办第十四届全国大学生电子商务“三创赛”福州大学校赛的通知,实践科,2023/11/17,https://jwch.fzu.edu.cn/system/_content/download.jsp?urltype=news.DownloadAttachUrl&owner=1744984858&wbfileid=14573632,附录：2024年2月美国大学生数学建模竞赛介绍及参赛流程.pdf,3432
,,,,,
关于2023-2024学年第一学期再次开放本科生学生证和火车票优惠卡补办及火车票优惠卡更改区间的通知,综合科,2023/11/14,0,0,0
,,,,,
关于转发福建省高等教育研究院《“福建省高等教育改革与研究项目”申报通知》的通知,教研教改,2023/11/13,https://jwch.fzu.edu.cn/system/_content/download.jsp?urltype=news.DownloadAttachUrl&owner=1744984858&wbfileid=14571714,2301高等数学C（上）、D期末考试 1.19下午.xlsx,602
,,,,,
关于组织申报2023-2024学年第二学期通识教育选修课的通知,计划科,2023/11/13,https://jwch.fzu.edu.cn/system/_content/download.jsp?urltype=news.DownloadAttachUrl&owner=1744984858&wbfileid=14571713,2301高等数学A（上）、B（上）期末考试 1.19上午.xlsx,836
,,,,,
关于2023-2024学年第一学期《工程制图E》、《画法几何》课程期末考试安排的通知,教学运行,2023/11/8,https://jwch.fzu.edu.cn/system/_content/download.jsp?urltype=news.DownloadAttachUrl&owner=1744984858&wbfileid=14571712,2301大学物理A（下）期末考试 1.18上午.xlsx,563
,,,,,
关于2023-2024学年第一学期《高等数学A（上）》、《高等数学B（上）》、《高等数学C（上）》、《高等数学D》课程半期考试安排的通知,教学运行,2023/11/8,https://jwch.fzu.edu.cn/system/_content/download.jsp?urltype=news.DownloadAttachUrl&owner=1744984858&wbfileid=14571711,2301大学英语（二）期末考试 1.15上午、下午.xlsx,698
,,,,,
关于2023-2024学年第一学期《线性代数》、《线性代数与解析几何》课程半期考试安排的通知,教学运行,2023/11/8,https://jwch.fzu.edu.cn/system/_content/download.jsp?urltype=news.DownloadAttachUrl&owner=1744984858&wbfileid=14571710,2301大学英语（一）、（三）期末考试 1.14上午.xlsx,438
,,,,,
关于2023-2024学年第一学期《高等数学A（下）》课程期末考试安排的通知,教学运行,2023/11/8,https://jwch.fzu.edu.cn/system/_content/download.jsp?urltype=news.DownloadAttachUrl&owner=1744984858&wbfileid=14571709,2301制图A(上）、C（上）、D、F期末考试 1.13上午.xlsx,460
,,,,,
关于公布2023学年各学院转专业实施细则的通知,教学运行,2023/11/7,https://jwch.fzu.edu.cn/system/_content/download.jsp?urltype=news.DownloadAttachUrl&owner=1744984858&wbfileid=14569528,附件：福州大学大学生校外实践教学基地检查评估结果汇总表.xlsx,800
,,,,,
关于2023-2024学年第一学期《习近平新时代中国特色社会主义思想概论》课程期末考试安排的通知,教学运行,2023/11/7,0,0,0
,,,,,
关于2023-2024学年第一学期在校学生申请辅修专业的通知,计划科,2023/11/6,https://jwch.fzu.edu.cn/system/_content/download.jsp?urltype=news.DownloadAttachUrl&owner=1744984858&wbfileid=13183994,第二批福建省新工科教育联盟新工科教育优秀教学案例征集、实践平台共建共享工作附件3――附件6.rar,510
,,,,,
关于期中党政领导集中听课的通知,质量办,2023/10/30,https://jwch.fzu.edu.cn/system/_content/download.jsp?urltype=news.DownloadAttachUrl&owner=1744984858&wbfileid=13183975,福建省高校课程思政教育联盟关于开展第二批课程思政优秀教学案例征集工作的通知20231127.docx,581
,,,,,
关于福州大学智慧教室二期使用培训的通知,综合科,2023/10/24,0,0,0
,,,,,
关于召开教材建设研讨会暨福州大学第四十八场“教学有道”研讨会的通知,教材中心,2023/10/23,0,0,0
,,,,,
关于举办第十五届蓝桥杯全国软件和信息技术专业人才大赛福州大学选拔赛的通知,实践科,2023/10/20,0,0,0
,,,,,
关于做好2023学年本科生转专业工作的通知,教学运行,2023/10/19,0,0,0
,,,,,
关于举办福州大学第四十七场“教学有道”研讨活动暨2023年教师教学创新大赛培训会的通知,质量办,2023/10/19,https://jwch.fzu.edu.cn/system/_content/download.jsp?urltype=news.DownloadAttachUrl&owner=1744984858&wbfileid=13182804,2301英语四期末考试 1.7下午.xlsx,622
,,,,,
关于2023-2024学年第一学期《高等数学A（下）》课程半期考试安排的通知,教学运行,2023/10/17,0,0,0
,,,,,
关于2023-2024学年第一学期《大学物理A（下）》、《大学物理B（下）》课程半期考试安排的通知,教学运行,2023/10/16,0,0,0
,,,,,
关于2023年高校教学基本状态数据库教学相关数据报送的通知,实践科,2023/10/16,0,0,0
,,,,,
关于做好2024届预计毕业生电子注册图像采集工作的通知,教学运行,2023/10/16,0,0,0
,,,,,
关于组织2023级新生开展学籍信息自查工作的通知,教学运行,2023/10/9,https://jwch.fzu.edu.cn/system/_content/download.jsp?urltype=news.DownloadAttachUrl&owner=1744984858&wbfileid=13182803,2301线代期末考试 1.7上午.xlsx,555
,,,,,
关于开展福州大学2023年教师教学创新大赛的通知,质量办,2023/10/8,https://jwch.fzu.edu.cn/system/_content/download.jsp?urltype=news.DownloadAttachUrl&owner=1744984858&wbfileid=13182800,2301 计算机语言期末考试 1.6上午.xlsx,476
,,,,,
关于2023-2024学年第一学期《概率与数理统计》课程半期考试安排的通知,教学运行,2023/10/8,https://jwch.fzu.edu.cn/system/_content/download.jsp?urltype=news.DownloadAttachUrl&owner=1744984858&wbfileid=13181295,附件.zip,1988
,,,,,
关于2023年中秋节、国庆节放假课程调整的通知,教学运行,2023/9/25,https://jwch.fzu.edu.cn/system/_content/download.jsp?urltype=news.DownloadAttachUrl&owner=1744984858&wbfileid=13180641,2301思法随堂考.xlsx,810
,,,,,
2023-2024-01学期2023级体育理论教室安排表,教学运行,2023/9/20,https://jwch.fzu.edu.cn/system/_content/download.jsp?urltype=news.DownloadAttachUrl&owner=1744984858&wbfileid=13180640,2301 近现代史纲要期末考 .xlsx,543
,,,,,
关于做好2023-2024学年第二学期排课准备工作的通知,教学运行,2023/9/20,https://jwch.fzu.edu.cn/system/_content/download.jsp?urltype=news.DownloadAttachUrl&owner=1744984858&wbfileid=13179265,2023年福州大学新上岗教师教学达标培训班名单（配导师）.xlsx,969
,,,,,
关于公布第十二届大学生软件设计与服务外包创新创业竞赛获奖名单的通知,实践科,2023/9/19,https://jwch.fzu.edu.cn/system/_content/download.jsp?urltype=news.DownloadAttachUrl&owner=1744984858&wbfileid=13176359,附件1：福州大学第十届桥梁设计大赛报名表20231126.doc,513
,,,,,
关于2023-2024学年第一学期爱课程平台参加通识教育选修课学习的重要提示,计划科,2023/9/18,https://jwch.fzu.edu.cn/system/_content/download.jsp?urltype=news.DownloadAttachUrl&owner=1744984858&wbfileid=13176112,附件2：教育部关于一流本科课程建设的实施意见（教高〔2019〕8号）.doc,580
,,,,,
关于通识选修课《爱课程：美化嗓音 轻松讲课》开课的友情提示 ,计划科,2023/9/18,https://jwch.fzu.edu.cn/system/_content/download.jsp?urltype=news.DownloadAttachUrl&owner=1744984858&wbfileid=13175516,教育部办公厅关于印发《“十四五”普通高等教育本科国家级规划教材建设实施方案》的通知.pdf,623
,,,,,
关于公布省级以上大学生创新创业训练计划项目结题成绩的通知,实践科,2023/9/15,https://jwch.fzu.edu.cn/system/_content/download.jsp?urltype=news.DownloadAttachUrl&owner=1744984858&wbfileid=13175500,2301 马克思主义基本原理期末随堂考.xlsx,681
,,,,,
关于公布第二十七、二十八期本科生科研训练计划项目结题成绩的通知,实践科,2023/9/15,https://jwch.fzu.edu.cn/system/_content/download.jsp?urltype=news.DownloadAttachUrl&owner=1744984858&wbfileid=13175476,2301 毛概论期末随堂考.xlsx,734
,,,,,
关于举办福州大学第四十六场“教学有道”研讨活动的通知,质量办,2023/9/14,https://jwch.fzu.edu.cn/system/_content/download.jsp?urltype=news.DownloadAttachUrl&owner=1744984858&wbfileid=13175534,附件：2024届福州大学本科生毕业设计（论文）有关表格.zip,3386
,,,,,
福州大学关于公布2023级 “嘉锡化学拔尖班”学生名单的通知,教研教改,2023/9/14,0,0,0
,,,,,
福州大学关于公布2023级“数理综合班”学生名单的通知,教研教改,2023/9/14,https://jwch.fzu.edu.cn/system/_content/download.jsp?urltype=news.DownloadAttachUrl&owner=1744984858&wbfileid=13173085,附件：福州大学大学生校外实践教学基地抽查评审一览表.xlsx,612
,,,,,
福州大学关于公布2023级“数理金融实验班”学生名单的通知,教研教改,2023/9/14,0,0,0
,,,,,
关于2023-2024学年第一学期重新学习选课、缴费的通知,教学运行,2023/9/11,https://jwch.fzu.edu.cn/system/_content/download.jsp?urltype=news.DownloadAttachUrl&owner=1744984858&wbfileid=13171845,2301概率期末考12.17上午.xlsx,631
,,,,,
关于做好2023年参军退役学生转专业的通知,教学运行,2023/9/8,https://jwch.fzu.edu.cn/system/_content/download.jsp?urltype=news.DownloadAttachUrl&owner=1744984858&wbfileid=13171844,2301大物B（下）期末考12.17下午.xlsx,686
,,,,,
关于9月7日开展线上教学的紧急通知,教学运行,2023/9/6,https://jwch.fzu.edu.cn/system/_content/download.jsp?urltype=news.DownloadAttachUrl&owner=1744984858&wbfileid=13170310,附件1：已出版马克思主义理论研究和建设工程重点教材目录（截至2023年09月，共计116种）.xlsx,669
,,,,,
关于受第11号台风“海葵”影响课程调整的通知,教学运行,2023/9/6,https://jwch.fzu.edu.cn/system/_content/download.jsp?urltype=news.DownloadAttachUrl&owner=1744984858&wbfileid=13169777,附件1.docx,1917
,,,,,
关于公布2023-2024学年第一学期通选课取消开课名单的通知,计划科,2023/9/5,https://jwch.fzu.edu.cn/system/_content/download.jsp?urltype=news.DownloadAttachUrl&owner=1744984858&wbfileid=13168775,附件1.团队高校指导老师承诺书.doc,633
,,,,,
关于召开2023-2024学年秋季学期期初本科教育教学工作会议的通知,综合科,2023/9/1,0,0,0
,,,,,
关于公布参加2023级“数理综合班”选拔面试学生名单的通知,教研教改,2023/8/30,0,0,0
,,,,,
关于公布参加2023级“嘉锡化学拔尖班”选拔面试学生名单的通知,教研教改,2023/8/30,0,0,0
,,,,,
关于2023级学生选修《大学信息技术基础》的通知,计划科,2023/8/30,0,0,0
,,,,,
关于公布参加2023级“数理金融实验班”选拔面试学生名单的通知,教研教改,2023/8/29,0,0,0
,,,,,
关于做好2022-2023学年度本科毕业论文（设计）抽检工作的通知,实践科,2023/8/29,0,0,0
,,,,,
关于2023-2024学年第一学期本科生学生证和火车票优惠卡补办及火车票优惠卡更改区间的通知,综合科,2023/8/27,0,0,0
,,,,,
关于2023-2024第一学期辅修专业补退选、缴费的通知,教学运行,2023/8/27,https://jwch.fzu.edu.cn/system/_content/download.jsp?urltype=news.DownloadAttachUrl&owner=1744984858&wbfileid=13163784,2301画法几何、工程制图E期末考12.10下午.xlsx,741
,,,,,
关于开学第一周集中听课的通知,质量办,2023/8/27,https://jwch.fzu.edu.cn/system/_content/download.jsp?urltype=news.DownloadAttachUrl&owner=1744984858&wbfileid=13163772,2301高数C(上）、D半期考12.10上午.xlsx,639
,,,,,
关于2023级福州大学本科生学生证信息采集的通知,综合科,2023/8/27,https://jwch.fzu.edu.cn/system/_content/download.jsp?urltype=news.DownloadAttachUrl&owner=1744984858&wbfileid=13163769,2301线性代数、线性代数与解析几何半期考12.9下午.xlsx,687
,,,,,
关于2023-2024第一学期学期选课补退选的通知,教学运行,2023/8/26,https://jwch.fzu.edu.cn/system/_content/download.jsp?urltype=news.DownloadAttachUrl&owner=1744984858&wbfileid=13163693,2301高数A（下）期末考12.3下午.xlsx,576
,,,,,
关于2023-2024学年第一学期港澳台侨学生思政课和军事课程退选替代的通知,计划科,2023/8/26,https://jwch.fzu.edu.cn/system/_content/download.jsp?urltype=news.DownloadAttachUrl&owner=1744984858&wbfileid=13163597,2023转专业细则.pdf,8961
,,,,,
关于2023-2024学年第一学期通识教育选修课选课的通知,计划科,2023/8/26,https://jwch.fzu.edu.cn/system/_content/download.jsp?urltype=news.DownloadAttachUrl&owner=1744984858&wbfileid=13163586,2301习概论随堂考.xlsx,833
,,,,,
福州大学关于开展2023级“嘉锡化学拔尖班”招生工作的通知,教研教改,2023/8/26,0,0,0
,,,,,
福州大学关于开展2023级“数理综合班”招生工作的通知,教研教改,2023/8/26,https://jwch.fzu.edu.cn/system/_content/download.jsp?urltype=news.DownloadAttachUrl&owner=1744984858&wbfileid=13157962,附件1：福州大学课堂教学质量评估表.doc,499
,,,,,
福州大学关于开展2023级“数理金融实验班”招生工作的通知,教研教改,2023/8/26,0,0,0
,,,,,
福州大学关于公布2023年本科生开放探索性实验项目（课程）评选结果的通知,实践科,2023/8/23,0,0,0
,,,,,
关于开展智慧教室使用培训工作的通知,综合科,2023/8/21,0,0,0
,,,,,
关于转发《关于举办第十三届海峡两岸信息服务创新大赛暨福建省第十七届计算机软件设计大赛的通知》的通知,实践科,2023/8/21,0,0,0
,,,,,
关于开展大学生校外实践教学基地检查评估的通知,实践科,2023/8/14,0,0,0
,,,,,
关于举办福州大学第四十五场“教学有道”研讨活动的通知,质量办,2023/8/4,https://jwch.fzu.edu.cn/system/_content/download.jsp?urltype=news.DownloadAttachUrl&owner=1744984858&wbfileid=13145543,2301高数A（下）半期考10.22晚.xlsx,801
,,,,,
关于本科教学管理系统及其相关业务系统暂停使用的通知,综合科,2023/8/2,https://jwch.fzu.edu.cn/system/_content/download.jsp?urltype=news.DownloadAttachUrl&owner=1744984858&wbfileid=13145374,10.29晚大物B（下）半期考.xlsx,638
,,,,,
教务处关于2023年暑假用印安排的通知,综合科,2023/7/8,https://jwch.fzu.edu.cn/system/_content/download.jsp?urltype=news.DownloadAttachUrl&owner=1744984858&wbfileid=13145324,2023年本科教学相关数据报送表格.zip,691
,,,,,
关于公布福州大学2023届本科生优秀毕业设计（论文）名单的通知,实践科,2023/7/5,https://jwch.fzu.edu.cn/system/_content/download.jsp?urltype=news.DownloadAttachUrl&owner=1744984858&wbfileid=13145313,附件2：获得图像采集码途径.pdf,1165
,,,,,
关于召开2022-2023学年春季学期期末本科教育教学工作会议的通知,综合科,2023/7/3,0,0,0
,,,,,
关于做好期末复习考试及下学期开学等工作的通知,教学运行,2023/6/30,0,0,0
,,,,,
关于举办福州大学第四十四场“教学有道”研讨活动的通知,质量办,2023/6/30,0,0,0
,,,,,
关于参加“2023高教社杯全国大学生数学建模竞赛”报名与集训的通知,实践科,2023/6/29,0,0,0
,,,,,
关于开展2023年度教师本科教学综合测评工作的通知,质量办,2023/6/28,0,0,0
,,,,,
关于核对2023-2024学年第一学期通识教育选修课开课信息的有关通知,计划科,2023/6/27,https://jwch.fzu.edu.cn/system/_content/download.jsp?urltype=news.DownloadAttachUrl&owner=1744984858&wbfileid=13142915,附件1-4.rar,675
,,,,,
关于公布2023年国家级、省级大学生创新创业训练计划推荐立项项目的通知,实践科,2023/6/26,https://jwch.fzu.edu.cn/system/_content/download.jsp?urltype=news.DownloadAttachUrl&owner=1744984858&wbfileid=13142824,10.21晚概率半期考.xlsx,826
,,,,,
关于2022-2023学年第二学期大学英语拓展课程期末考试安排的通知,教学运行,2023/6/21,0,0,0
,,,,,
关于2022-2023学年第二学期《大学物理A（上）、B（上）、C》课程期末考试安排的通知,教学运行,2023/6/21,0,0,0
,,,,,
关于举办2023年福州大学大学生工程实践与创新能力大赛暨2023年福建省大学生工程实践与创新能力大赛福州大学分区赛的通知,实践科,2023/6/20,0,0,0
,,,,,
关于公布第十四届企业经营模拟沙盘对抗赛获奖名单的通知,实践科,2023/6/20,0,0,0
,,,,,
关于公布2023年大学生电子设计竞赛暨全国大学生电子设计竞赛选拔赛获奖名单的通知,实践科,2023/6/20,0,0,0
,,,,,
关于公布第二十届程序设计竞赛获奖名单的通知,实践科,2023/6/20,0,0,0
,,,,,
关于公布2023年第二十三届数学竞赛获奖名单的通知,实践科,2023/6/20,https://jwch.fzu.edu.cn/system/_content/download.jsp?urltype=news.DownloadAttachUrl&owner=1744984858&wbfileid=13134050,福州大学2022年省级及以上大学生创新创业训练计划项目结题成绩汇总表.xls,1792
,,,,,
关于2023年端午节放假课程调整的通知,教学运行,2023/6/19,https://jwch.fzu.edu.cn/system/_content/download.jsp?urltype=news.DownloadAttachUrl&owner=1744984858&wbfileid=13134048,福州大学第二十七期本科生科研训练计划项目结题成绩汇总表.xls,1859
,,,,,
关于2023-2024学年第一学期本科生学期选课的通知,教学运行,2023/6/19,0,0,0
,,,,,
关于举办福州大学第四十三场“教学有道”研讨活动的通知,质量办,2023/6/15,0,0,0
,,,,,
福州大学关于开展2023年省级一流本科课程申报推荐工作的通知,教研教改,2023/6/14,0,0,0
,,,,,
福州大学关于公布2021级数理金融实验班学生主辅修专业及导师名单的通知,教研教改,2023/6/13,0,0,0
,,,,,
关于公布2023-2024学年第一学期修读辅修专业学生名单的通知,计划科,2023/6/12,0,0,0
,,,,,
关于2022-2023学年第二学期《大学英语（二）、（三）、（四）》课程期末考试安排的通知,教学运行,2023/6/9,https://jwch.fzu.edu.cn/system/_content/download.jsp?urltype=news.DownloadAttachUrl&owner=1744984858&wbfileid=13053671,福州大学本科生转专业管理实施办法（暂行）.docx,872
,,,,,
关于2022-2023学年第二学期《工程制图A（下）、C（下）、D、F》课程期末考试安排的通知,教学运行,2023/6/9,0,0,0
,,,,,
关于转发12306手机客户端提供学生优惠资质在线核验服务的通知,综合科,2023/6/7,0,0,0
,,,,,
关于2023-2024学年第一学期修读辅修专业学生名单的公示,计划科,2023/6/5,0,0,0
,,,,,
关于2022-2023学年第二学期《概率论与数理统计》课程期末考试安排的通知,教学运行,2023/6/1,0,0,0
,,,,,
关于公布第二十九期本科生科研训练计划立项项目的通知,实践科,2023/5/31,0,0,0
,,,,,
关于公布2023年本科生创新创业实践与素质拓展学分认定结果的通知,实践科,2023/5/30,0,0,0
,,,,,
关于公布福州大学第九届桥梁设计大赛获奖名单的通知,实践科,2023/5/30,0,0,0
,,,,,
关于公布福州大学第十三届大学生节能减排社会实践与科技竞赛暨第九届材料创新、设计及应用竞赛获奖名单的通知,实践科,2023/5/30,0,0,0
,,,,,
关于公布福州大学第三届大学生先进成图技术与产品信息建模创新大赛获奖名单的通知,实践科,2023/5/30,0,0,0
,,,,,
关于2022-2023学年第二学期《思想道德与法治》课程期末考试安排的通知,教学运行,2023/5/26,0,0,0
,,,,,
关于2022-2023学年第二学期《毛泽东思想和中国特色社会主义理论体系概论》课程期末考试安排的通知,教学运行,2023/5/26,0,0,0
,,,,,
关于2022-2023学年第二学期《马克思主义基本原理》课程期末考试安排的通知,教学运行,2023/5/26,0,0,0
,,,,,
关于2022-2023学年第二学期《高等数学A（中）、B（下）、C（下）》课程期末考试安排的通知,教学运行,2023/5/26,https://jwch.fzu.edu.cn/system/_content/download.jsp?urltype=news.DownloadAttachUrl&owner=1744984858&wbfileid=13050845,附件1：专家信息汇总表.xlsx,954
,,,,,
关于2022-2023学年第二学期《线性代数》、《线性代数与解析几何》课程期末考试安排的通知,教学运行,2023/5/24,0,0,0
,,,,,
福州大学关于开展第七届远志创业实验班招生工作的通知,教研教改,2023/5/22,0,0,0
,,,,,
关于举办福州大学第四十二场“教学有道”研讨活动的通知,质量办,2023/5/22,https://jwch.fzu.edu.cn/system/_content/download.jsp?urltype=news.DownloadAttachUrl&owner=1744984858&wbfileid=13049655,附件1：福州大学课堂教学质量评估表.doc,853
,,,,,
关于2022-2023学年第二学期再次开放本科生学生证和火车票优惠卡补办及火车票优惠卡更改区间的通知,综合科,2023/5/22,0,0,0
,,,,,
关于做好第二十七期、二十八期本科生科研训练计划项目结题工作的通知,实践科,2023/5/18,0,0,0
,,,,,
关于做好国家、省级大学生创新创业训练计划项目结题工作的通知,实践科,2023/5/18,https://jwch.fzu.edu.cn/system/_content/download.jsp?urltype=news.DownloadAttachUrl&owner=1744984858&wbfileid=13049257,2023-2024学年第一学期国情课列表.docx,993
,,,,,
关于做好2023-2024学年第一学期教材选用及征订工作的通知,教材中心,2023/5/18,https://jwch.fzu.edu.cn/system/_content/download.jsp?urltype=news.DownloadAttachUrl&owner=1744984858&wbfileid=13049254,超星尔雅使用手册（学生版）.pdf,2613
,,,,,
关于2022-2023学年第二学期《近现代史纲要》课程期末考试安排的通知,教学运行,2023/5/17,https://jwch.fzu.edu.cn/system/_content/download.jsp?urltype=news.DownloadAttachUrl&owner=1744984858&wbfileid=13049235,附件1：福州大学2023级“嘉锡化学拔尖班”招生简章.doc,1958
,,,,,
福州大学关于公布2021级数理综合班专业分流学生名单及学科导师名单的通知,教研教改,2023/5/17,https://jwch.fzu.edu.cn/system/_content/download.jsp?urltype=news.DownloadAttachUrl&owner=1744984858&wbfileid=13049232,附件2：承诺书.doc,897
,,,,,
关于公布福州大学第七届网络信息安全竞赛获奖名单的通知,实践科,2023/5/17,https://jwch.fzu.edu.cn/system/_content/download.jsp?urltype=news.DownloadAttachUrl&owner=1744984858&wbfileid=13049229,附件3：2023级数理金融实验班申请表.doc,792
,,,,,
关于举办福州大学第四十一场“教学有道”研讨活动的通知,质量办,2023/5/16,0,0,0
,,,,,
关于2024届预计毕业生核对电子注册学历信息的通知,教学运行,2023/5/16,0,0,0
,,,,,
关于组织申报2023-2024学年第一学期通识教育选修课的通知,计划科,2023/5/15,https://jwch.fzu.edu.cn/system/_content/download.jsp?urltype=news.DownloadAttachUrl&owner=1744984858&wbfileid=13048683,闽工信联软件〔2023〕31号关于举办第十三届海峡两岸信息服务创新大赛暨福建省第十七届计算机软件设计大赛的通知.pdf,734
,,,,,
关于2022-2023学年第二学期计算机语言类课程期末考试安排的通知,教学运行,2023/5/12,https://jwch.fzu.edu.cn/system/_content/download.jsp?urltype=news.DownloadAttachUrl&owner=1744984858&wbfileid=13045827,附件1：福州大学校外实习教学基地一览表（2022年9月）.xlsx,1442
,,,,,
关于举办福州大学第四十场“教学有道”研讨活动的通知,质量办,2023/5/12,0,0,0
,,,,,
关于开展2023届本科毕业生座谈会的通知,质量办,2023/5/12,0,0,0
,,,,,
关于公布福州大学第九届“汇仟杯”测量大赛获奖名单的通知,实践科,2023/5/8,0,0,0
,,,,,
2022-2023学年第二学期在校学生申请辅修专业的通知,计划科,2023/5/8,0,0,0
,,,,,
福州大学关于开展2022-2023学年本科教学优秀奖评选工作的通知,教研教改,2023/5/5,0,0,0
,,,,,
关于举办福州大学第三十九场“教学有道”研讨活动的通知,质量办,2023/5/5,0,0,0
,,,,,
关于组织申报2023年本科生开放探索性实验项目（课程）的通知,实践科,2023/5/5,0,0,0
,,,,,
关于开展2023届本科毕业设计（论文）抽检送审工作的通知,实践科,2023/4/26,https://jwch.fzu.edu.cn/system/_content/download.jsp?urltype=news.DownloadAttachUrl&owner=1744984858&wbfileid=13037663,附件：福州大学2023届优秀本科生毕业设计（论文）名单.doc,2996
,,,,,
关于对2023届本科毕业设计（论文）进行查重检测的通知,实践科,2023/4/26,0,0,0
,,,,,
关于试用本科毕业设计（论文）管理模块的通知,实践科,2023/4/26,0,0,0
,,,,,
关于2022-2023学年第二学期《工程制图E》课程期末考试安排的通知,教学运行,2023/4/25,0,0,0
,,,,,
关于2023届预计毕业生补拍电子注册学历照片的通知,教学运行,2023/4/24,https://jwch.fzu.edu.cn/system/_content/download.jsp?urltype=news.DownloadAttachUrl&owner=1744984858&wbfileid=13031762,附件：2023高教社杯全国大学生数学建模竞赛福州大学队伍的报名操作流程.pdf,5683
,,,,,
关于举办福州大学第十七届数学建模竞赛暨2023年全国大学生数学建模竞赛集训队选拔的通知,实践科,2023/4/20,https://jwch.fzu.edu.cn/system/_content/download.jsp?urltype=news.DownloadAttachUrl&owner=1744984858&wbfileid=13003807,关于开展2023年度教师本科教学综合测评工作的通知.doc,1119
,,,,,
关于2023年五一节放假课程调整的通知,教学运行,2023/4/19,0,0,0
,,,,,
关于2022-2023学年第二学期《大学物理》课程半期考试安排的通知,教学运行,2023/4/19,https://jwch.fzu.edu.cn/system/_content/download.jsp?urltype=news.DownloadAttachUrl&owner=1744984858&wbfileid=13002268,2023年国家级、省级大学生创新创业训练计划推荐项目汇总表.doc,4377
,,,,,
关于举办2023年福州大学第二十三届数学竞赛暨第十五届全国大学生数学竞赛选拔赛的通知,实践科,2023/4/17,https://jwch.fzu.edu.cn/system/_content/download.jsp?urltype=news.DownloadAttachUrl&owner=1744984858&wbfileid=12999540,202202英语拓展课考试7.3上、下午.xls,763
,,,,,
关于举办福州大学第十三届大学生节能减排社会实践与科技竞赛暨第九届材料创新、设计及应用竞赛的通知,实践科,2023/4/15,https://jwch.fzu.edu.cn/system/_content/download.jsp?urltype=news.DownloadAttachUrl&owner=1744984858&wbfileid=12999539,2202大学物理B 期末考7.6下午.xlsx,912
,,,,,
关于举办福州大学第二十届程序设计竞赛暨校ACM/ICPC集训队选拔赛的通知,实践科,2023/4/14,https://jwch.fzu.edu.cn/system/_content/download.jsp?urltype=news.DownloadAttachUrl&owner=1744984858&wbfileid=12999431,附件3：2023年福州大学大学生工程实践与创新能力大赛命题与运行.pdf,1266
,,,,,
关于举办福州大学第七届网络信息安全竞赛的通知,实践科,2023/4/13,0,0,0
,,,,,
关于组织开展第十六届中国大学生计算机设计大赛校内预选赛的通知,实践科,2023/4/7,0,0,0
,,,,,
关于举办福州大学第三届大学生先进成图技术与产品信息建模创新大赛的通知,实践科,2023/4/7,0,0,0
,,,,,
关于2022-2023学年第二学期《高等数学》课程半期考试安排的通知,教学运行,2023/4/7,0,0,0
,,,,,
关于2022-2023学年第二学期《线性代数》课程半期考试安排的通知,教学运行,2023/4/6,0,0,0
,,,,,
关于2023年清明节放假课程调整的通知,教学运行,2023/4/3,0,0,0
,,,,,
关于举办福州大学第十四届企业经营模拟沙盘对抗赛的通知,实践科,2023/3/31,0,0,0
,,,,,
关于开展2023年省级大学生学科专业竞赛项目申报工作的通知,实践科,2023/3/29,0,0,0
,,,,,
关于正式启用福州大学课堂教学督导管理系统的通知,质量办,2023/3/27,0,0,0
,,,,,
关于转发福建省教育厅《关于印发&lt;福建省高校大学生学科专业竞赛管理办法（试行）&gt;的通知》的通知,实践科,2023/3/27,0,0,0
,,,,,
关于召开2022-2023学年春季学期期初本科教育教学工作会议的通知,综合科,2023/3/24,0,0,0
,,,,,
2023年第二届福建省高校教材联合巡展（福州大学）活动通知,教材中心,2023/3/23,https://jwch.fzu.edu.cn/system/_content/download.jsp?urltype=news.DownloadAttachUrl&owner=1744984858&wbfileid=12997759,附件2：教育部关于一流本科课程建设的实施意见（教高〔2019〕8号）.doc,762
,,,,,
关于做好2023年3月参军退役复学学生转专业工作的通知,教学运行,2023/3/22,0,0,0
,,,,,
关于2022-2023学年第二学期爱课程平台参加通识教育选修课学习的重要提示,计划科,2023/3/21,0,0,0
,,,,,
关于做好2023-2024学年第一学期排课准备工作的通知,教学运行,2023/3/21,https://jwch.fzu.edu.cn/system/_content/download.jsp?urltype=news.DownloadAttachUrl&owner=1744984858&wbfileid=12995968,2202英语二、四期末考试6.18下午.xlsx,975
,,,,,
关于举办2023年福州大学大学生电子设计竞赛暨全国大学生电子设计竞赛选拔赛的通知,实践科,2023/3/17,https://jwch.fzu.edu.cn/system/_content/download.jsp?urltype=news.DownloadAttachUrl&owner=1744984858&wbfileid=12997452,2202 工程制图 期末考试安排 6.18下午.xlsx,549
,,,,,
关于上报2023年各学院本科教育教学质量保障工作计划的通知,质量办,2023/3/17,0,0,0
,,,,,
教务处关于暂停对外办公的通知,综合科,2023/3/15,0,0,0
,,,,,
关于举办福州大学第九届“汇仟杯”测量大赛的通知,实践科,2023/3/14,https://jwch.fzu.edu.cn/system/_content/download.jsp?urltype=news.DownloadAttachUrl&owner=1744984858&wbfileid=12993877,2202概率期末考6.11下午.xlsx,808
,,,,,
关于举办福州大学第十二届大学生软件设计与服务外包创新创业竞赛的通知,实践科,2023/3/14,0,0,0
,,,,,
关于通识选修课《爱课程：美化嗓音 轻松讲课》开课的友情提示 ,计划科,2023/3/13,https://jwch.fzu.edu.cn/system/_content/download.jsp?urltype=news.DownloadAttachUrl&owner=1744984858&wbfileid=12993329,福州大学本科生创新创业实践与素质拓展学分申报汇总表.doc,2877
,,,,,
关于做好第二十九期本科生科研训练计划项目立项工作的通知,实践科,2023/3/10,0,0,0
,,,,,
关于2022-2023学年第二学期重新学习选课、缴费的通知,教学运行,2023/3/7,0,0,0
,,,,,
关于上报2023年各学院新时代劳动教育实施计划的通知,实践科,2023/3/3,0,0,0
,,,,,
关于福州大学参加2023年第九届全国大学生统计建模大赛的通知,实践科,2023/3/3,https://jwch.fzu.edu.cn/system/_content/download.jsp?urltype=news.DownloadAttachUrl&owner=1744984858&wbfileid=12991703,2202 思想道德与法治 随堂考安排.xlsx,825
,,,,,
关于组织参加2023年美国大学生数学建模春季MCM/ICM赛的通知,实践科,2023/3/1,https://jwch.fzu.edu.cn/system/_content/download.jsp?urltype=news.DownloadAttachUrl&owner=1744984858&wbfileid=12991684,2202 毛泽东思想概论 随堂考安排.xlsx,911
,,,,,
关于公布2022-2023学年第二学期通选课取消开课名单的通知,计划科,2023/2/27,https://jwch.fzu.edu.cn/system/_content/download.jsp?urltype=news.DownloadAttachUrl&owner=1744984858&wbfileid=12991629,2202 马克思主义基本原理 随堂考安排.xlsx,829
,,,,,
关于2022-2023学年第二学期本科生学生证和火车票优惠卡补办及火车票优惠卡更改区间的通知,综合科,2023/2/21,https://jwch.fzu.edu.cn/system/_content/download.jsp?urltype=news.DownloadAttachUrl&owner=1744984858&wbfileid=12991589,2202高等数学A(中）、C（下）期末考试安排 6.11上午第二场.xlsx,927
,,,,,
关于2023届预计毕业生校对电子注册学历照片的通知,教学运行,2023/2/21,https://jwch.fzu.edu.cn/system/_content/download.jsp?urltype=news.DownloadAttachUrl&owner=1744984858&wbfileid=12991045,2202线性代数期末考试6.4下午.xlsx,981
,,,,,
关于组织参加第十四届全国周培源大学生力学竞赛的通知,实践科,2023/2/21,https://jwch.fzu.edu.cn/system/_content/download.jsp?urltype=news.DownloadAttachUrl&owner=1744984858&wbfileid=12990686,附件1：福州大学第七届远志创业实验班招生简章.docx,1106
,,,,,
关于2023届本科毕业生创新创业实践与素质拓展学分认定工作的通知,实践科,2023/2/20,0,0,0
,,,,,
关于2022-2023第二学期辅修专业补退选、缴费的通知,教学运行,2023/2/20,0,0,0
,,,,,
关于对2022年学院教学有关数据进行统计的通知,实践科,2023/2/19,0,0,0
,,,,,
关于开学第一周集中听课的通知,质量办,2023/2/19,0,0,0
,,,,,
关于2022-2023第二学期学期选课补退选的通知,教学运行,2023/2/19,0,0,0
,,,,,
关于报名参加2022-2023学年第二学期国情教育网络培训的通知,计划科,2023/2/18,0,0,0
,,,,,
关于2022-2023学年第二学期港澳台侨学生思政课和军事课程退选替代的通知,计划科,2023/2/17,https://jwch.fzu.edu.cn/system/_content/download.jsp?urltype=news.DownloadAttachUrl&owner=1744984858&wbfileid=12989484,srtp项目结题附件.zip,2396
,,,,,
关于2022-2023学年第二学期通识教育选修课选课的通知,计划科,2023/2/17,https://jwch.fzu.edu.cn/system/_content/download.jsp?urltype=news.DownloadAttachUrl&owner=1744984858&wbfileid=12989479,国创省创结题附件.zip,1293
,,,,,
关于常态化本科生实习教学工作的通知,实践科,2023/2/14,https://jwch.fzu.edu.cn/system/_content/download.jsp?urltype=news.DownloadAttachUrl&owner=1744984858&wbfileid=12989267,附件1：教育部公示马工程重点教材目录-115种-.xlsx,1023
,,,,,
2023年春季学期开学教学工作安排,教学运行,2023/2/3,https://jwch.fzu.edu.cn/system/_content/download.jsp?urltype=news.DownloadAttachUrl&owner=1744984858&wbfileid=12283327,2202近现代史纲要期末考试.xlsx,832
,,,,,
关于2023年春季学期《大学物理实验》绪论课程教室安排的通知,教学运行,2023/1/11,0,0,0
,,,,,
教务处关于2023年寒假用印安排的通知,综合科,2023/1/9,0,0,0
,,,,,
关于核对2022-2023学年第二学期通识教育选修课开课信息的有关通知,计划科,2023/1/4,0,0,0
,,,,,
关于2022-2023学年第二学期辅修专业选课的通知,教学运行,2023/1/4,0,0,0
,,,,,
关于2022-2023学年第一学期《高等数学A（上）、B（上）、C（上）、D》课程期末线上考试安排的通知,教学运行,2023/1/2,0,0,0
,,,,,
关于2022-2023学年第一学期《概率论与数理统计》课程期末线上考试安排的通知,教学运行,2022/12/29,https://jwch.fzu.edu.cn/system/_content/download.jsp?urltype=news.DownloadAttachUrl&owner=1744984858&wbfileid=12222774,2202计算机语言期末考试5.28.xlsx,1001
,,,,,
关于举办第十三届全国大学生电子商务“三创赛”福州大学校赛的通知,实践科,2022/12/27,0,0,0
,,,,,
关于做好2023届本科生毕业设计（论文）工作的通知,实践科,2022/12/27,0,0,0
,,,,,
关于2022-2023学年第一学期《线性代数》、《线性代数与解析几何》课程期末线上考试安排的通知,教学运行,2022/12/26,0,0,0
,,,,,
关于元旦期间教学安排的通知,教学运行,2022/12/26,0,0,0
,,,,,
关于开展2023年本科教材审核工作的通知,教材中心,2022/12/26,https://jwch.fzu.edu.cn/system/_content/download.jsp?urltype=news.DownloadAttachUrl&owner=1744984858&wbfileid=12219565,附件1：福州大学本科教学优秀奖评选办法.doc,1124
,,,,,
关于组织参加2023年美国大学生数学建模竞赛的通知,实践科,2022/12/19,0,0,0
,,,,,
关于2022-2023学年第二学期本科生学期选课的通知,教学运行,2022/12/16,0,0,0
,,,,,
关于召开2022-2023学年秋季学期期末本科教育教学工作会议的通知,综合科,2022/12/15,https://jwch.fzu.edu.cn/system/_content/download.jsp?urltype=news.DownloadAttachUrl&owner=1744984858&wbfileid=12218055,3附件2：2023届福州大学本科毕业设计（论文）抽检情况汇总表.xlsx,3220
,,,,,
关于评选2022年优秀教学管理人员的通知,综合科,2022/12/15,0,0,0
,,,,,
2022年秋季学期期末教学工作安排,教学运行,2022/12/14,0,0,0
,,,,,
关于2022-2023学年第一学期《工程制图A（上）、C（上）、D、F》课程期末考试安排的通知,教学运行,2022/12/9,0,0,0
,,,,,
关于做好2022年省级（含）以上大学生创新创业训练计划项目和第二十八期本科生科研训练计划项目中期检查工作的通知,实践科,2022/12/8,0,0,0
,,,,,
关于2022级期末相关教学安排的通知,教学运行,2022/12/8,https://jwch.fzu.edu.cn/system/_content/download.jsp?urltype=news.DownloadAttachUrl&owner=1744984858&wbfileid=12218050,2附件：维普论文检测系统查重标准及格式报告说明.doc,6662
,,,,,
关于2022-2023学年第一学期《习近平新时代中国特色社会主义思想概论》课程期末考试安排的通知,教学运行,2022/12/6,https://jwch.fzu.edu.cn/system/_content/download.jsp?urltype=news.DownloadAttachUrl&owner=1744984858&wbfileid=12218049,1附件：福州大学本科毕业设计（论文）管理模块操作指南.doc,2165
,,,,,
关于2022-2023学年第一学期《马克思主义基本原理》课程期末考试安排的通知,教学运行,2022/12/6,https://jwch.fzu.edu.cn/system/_content/download.jsp?urltype=news.DownloadAttachUrl&owner=1744984858&wbfileid=12219851,2202制图E期末考试5.14上午.xlsx,692
,,,,,
关于公布第六届网络信息安全竞赛获奖名单的通知,实践科,2022/12/5,https://jwch.fzu.edu.cn/system/_content/download.jsp?urltype=news.DownloadAttachUrl&owner=1744984858&wbfileid=12216500,附件：获得图像采集码途径.pdf,1589
,,,,,
关于部分教室改造的调课通知,教学运行,2022/12/2,0,0,0
,,,,,
关于本学期期末课程教学和实习安排的通知,实践科,2022/12/2,0,0,0
,,,,,
关于举办福州大学第九届桥梁设计大赛的通知,实践科,2022/11/30,https://jwch.fzu.edu.cn/system/_content/download.jsp?urltype=news.DownloadAttachUrl&owner=1744984858&wbfileid=12215056,2202大物半期考5.7下午.xlsx,793
,,,,,
关于2022-2023学年第二学期修读辅修专业学生名单的公示,计划科,2022/11/28,https://jwch.fzu.edu.cn/system/_content/download.jsp?urltype=news.DownloadAttachUrl&owner=1744984858&wbfileid=12214628,附件3：福州大学第二十三届数学竞赛大纲.pdf,1590
,,,,,
福州大学关于收集线上课程资源需求的通知,教研教改,2022/11/24,0,0,0
,,,,,
关于2022-2023学年第一学期《高等数学A（下）》课程期末考试安排的通知,教学运行,2022/11/24,0,0,0
,,,,,
关于2022-2023学年第一学期计算机语言类课程期末考试安排的通知,教学运行,2022/11/24,0,0,0
,,,,,
关于2022-2023学年第一学期《中国近现代史纲要》课程期末考试安排的通知,教学运行,2022/11/23,https://jwch.fzu.edu.cn/system/_content/download.jsp?urltype=news.DownloadAttachUrl&owner=1744984858&wbfileid=12212463,附件1：2023年（第16届）4C大赛通知（中大计赛函[2023]1号）.pdf,1186
,,,,,
关于加强我校本科生转专业面试、笔试监督工作的通知,教学运行,2022/11/23,https://jwch.fzu.edu.cn/system/_content/download.jsp?urltype=news.DownloadAttachUrl&owner=1744984858&wbfileid=12212445,附件2：福州大学第三届大学生先进成图技术与产品信息建模创新大赛报名表.xls,1012
,,,,,
关于做好2022-2023学年第二学期教材选用及征订工作的通知,教材中心,2022/11/22,https://jwch.fzu.edu.cn/system/_content/download.jsp?urltype=news.DownloadAttachUrl&owner=1744984858&wbfileid=12212349,2202高数半期考4.16上午.xlsx,1172
,,,,,
关于2022-2023学年第一学期《工程制图E》、《画法几何》课程期末考试安排的通知,教学运行,2022/11/19,https://jwch.fzu.edu.cn/system/_content/download.jsp?urltype=news.DownloadAttachUrl&owner=1744984858&wbfileid=12212082,2202线代半期考4.22下午.xlsx,927
,,,,,
关于公布第十六届本科生数学建模竞赛获奖名单的通知,实践科,2022/11/18,0,0,0
,,,,,
关于2022-2023学年第一学期《概率论与数理统计》课程半期考试安排的通知,教学运行,2022/11/16,https://jwch.fzu.edu.cn/system/_content/download.jsp?urltype=news.DownloadAttachUrl&owner=1744984858&wbfileid=12210538,附件：福州大学第十四届企业经营模拟沙盘对抗赛报名表.doc,911
,,,,,
关于2022-2023学年第一学期《高等数学A（上）、B（上）、C（上）、D》课程半期考试安排的通知,教学运行,2022/11/16,https://jwch.fzu.edu.cn/system/_content/download.jsp?urltype=news.DownloadAttachUrl&owner=1744984858&wbfileid=11995879,附件1：福建省高校大学生学科专业竞赛管理办法（试行）.pdf,1143
,,,,,
关于做好2023届预计毕业生电子注册图像采集工作的通知,教学运行,2022/11/15,https://jwch.fzu.edu.cn/system/_content/download.jsp?urltype=news.DownloadAttachUrl&owner=1744984858&wbfileid=11994720,附件：福州大学课堂教学督导管理系统操作指南（学院）.doc,1121
,,,,,
关于公布第十四届蓝桥杯全国软件和信息技术专业人才大赛福州大学选拔赛获省赛参赛资格名单的通知,实践科,2022/11/11,https://jwch.fzu.edu.cn/system/_content/download.jsp?urltype=news.DownloadAttachUrl&owner=1744984858&wbfileid=11994703,闽教规〔2023〕2号福建省教育厅关于印发《福建省高校大学生学科专业竞赛管理办法（试行）》的通知.pdf,1550
,,,,,
关于组织申报2022-2023学年第二学期通识教育选修课的通知,计划科,2022/11/8,0,0,0
,,,,,
关于公布2022-2023学年各学院转专业实施细则的通知,教学运行,2022/11/7,0,0,0
,,,,,
关于举办虚拟教研室建设之课程知识图谱构建专家辅导会暨福州大学第三十八场“教学有道”研讨活动的通知,教研教改,2022/11/3,0,0,0
,,,,,
关于2022-2023学年第一学期本科生学生证和火车票优惠卡补办及火车票优惠卡更改区间的通知,综合科,2022/11/3,0,0,0
,,,,,
关于2022-2023学年第一学期在校学生申请辅修专业的通知,计划科,2022/11/1,0,0,0
,,,,,
关于2022年新上岗教师教学达标培训班教师配备导师的通知,质量办,2022/10/26,0,0,0
,,,,,
关于做好2022学年本科生转专业工作的通知,教学运行,2022/10/20,https://jwch.fzu.edu.cn/system/_content/download.jsp?urltype=news.DownloadAttachUrl&owner=1744984858&wbfileid=11992244,福州大学本科生转专业管理实施办法（暂行）.docx,1100
,,,,,
关于铜盘校区学生往返旗山校区实验实习教学活动用车安排的通知（2022-2023学年第一学期第八周）,计划科,2022/10/12,0,0,0
,,,,,
关于举办第十四届蓝桥杯全国软件和信息技术专业人才大赛福州大学选拔赛的通知,实践科,2022/10/10,0,0,0
,,,,,
关于组织2022级新生开展学籍信息自查工作的通知,教学运行,2022/10/10,0,0,0
,,,,,
关于铜盘校区学生往返旗山校区实验实习教学活动用车安排的通知（2022-2023学年第一学期第七周）,计划科,2022/10/6,https://jwch.fzu.edu.cn/system/_content/download.jsp?urltype=news.DownloadAttachUrl&owner=1744984858&wbfileid=11990962,附件1：福州大学关于进一步完善本科教育教学质量保障体系的实施意见.doc,913
,,,,,
关于公布省级以上大学生创新创业训练计划项目结题成绩的通知,实践科,2022/10/5,0,0,0
,,,,,
关于公布第二十六、二十七期本科生科研训练计划项目结题成绩的通知,实践科,2022/10/5,https://jwch.fzu.edu.cn/system/_content/download.jsp?urltype=news.DownloadAttachUrl&owner=1744984858&wbfileid=11990523,附件2 ：福州大学第九届“汇仟杯”测量大赛竞赛细则.docx,1112
,,,,,
关于举办福州大学第三十七场“教学有道”研讨活动暨2022年教师教学创新大赛培训会的通知,质量办,2022/10/4,0,0,0
,,,,,
福州大学关于2022年各类课程教学资料专项检查具体安排的通知,质量办,2022/10/4,0,0,0
,,,,,
关于转发福建省新工科教育联盟《关于开展新工科教育专家库建设、优秀教学案例征集、实践平台共建共享工作的通知》的通知,教研教改,2022/9/29,https://jwch.fzu.edu.cn/system/_content/download.jsp?urltype=news.DownloadAttachUrl&owner=1744984858&wbfileid=11990101,第29期SRTP附件.zip,3714
,,,,,
关于铜盘校区学生往返旗山校区实验实习教学活动用车安排的通知（2022-2023学年第一学期第六周）,计划科,2022/9/29,0,0,0
,,,,,
转发福建省高校课程思政教育联盟《关于开展课程思政专家库建设及优秀教学案例征集工作的通知》的通知,教研教改,2022/9/28,https://jwch.fzu.edu.cn/system/_content/download.jsp?urltype=news.DownloadAttachUrl&owner=1744984858&wbfileid=11988731,福大教21-13福州大学关于印发《福州大学关于新时代劳动教育的实施方案（暂行）》的通知.pdf,882
,,,,,
关于2022年高校教学基本状态数据库教学相关数据报送的通知,实践科,2022/9/23,0,0,0
,,,,,
关于报送课程教学资料、本科生毕业设计（论文）、实习、实验与课程设计质量专项检查自查材料的通知,实践科,2022/9/23,https://jwch.fzu.edu.cn/system/_content/download.jsp?urltype=news.DownloadAttachUrl&owner=1744984858&wbfileid=11988018,2023年美国大学生数学建模春季MCMICM赛介绍及参赛流程.pdf,2401
,,,,,
关于2022年国庆节放假课程调整的通知,教学运行,2022/9/23,0,0,0
,,,,,
关于铜盘校区学生往返旗山校区实验实习教学活动用车安排的通知（2022-2023学年第一学期第五周）,计划科,2022/9/21,0,0,0
,,,,,
关于组织报名参加全国高校教师教学创新大赛备赛实战与案例解析专题培训会的通知,质量办,2022/9/21,0,0,0
,,,,,
关于做好2022-2023学年第二学期排课准备工作的通知,教学运行,2022/9/21,https://jwch.fzu.edu.cn/system/_content/download.jsp?urltype=news.DownloadAttachUrl&owner=1744984858&wbfileid=11930610,关于组织参加第十四届全国周培源大学生力学竞赛的通知.docx,1455
,,,,,
关于召开2022-2023学年秋季学期期初本科教学工作会议的通知,综合科,2022/9/20,0,0,0
,,,,,
关于通识选修课《爱课程：美化嗓音 轻松讲课》线下见面课的友情提示,计划科,2022/9/16,0,0,0
,,,,,
关于做好2022年参军退役复学学生转专业工作的通知,教学运行,2022/9/15,0,0,0
,,,,,
关于铜盘校区学生往返旗山校区实验实习教学活动用车安排的通知（2022-2023学年第一学期第四周）,计划科,2022/9/15,0,0,0
,,,,,
关于在爱课程平台参加通识选修课学习的重要提示,计划科,2022/9/14,https://jwch.fzu.edu.cn/system/_content/download.jsp?urltype=news.DownloadAttachUrl&owner=1744984858&wbfileid=11930525,学分认定申请表格.zip,2330
,,,,,
关于召开教材建设研讨会的通知,教材中心,2022/9/13,0,0,0
,,,,,
关于2022-2023学年第一学期重新学习选课的通知,教学运行,2022/9/13,https://jwch.fzu.edu.cn/system/_content/download.jsp?urltype=news.DownloadAttachUrl&owner=1744984858&wbfileid=11930381,2022年学院教学有关数据统计表格下载.zip,873
,,,,,
关于2021级体育理论教室安排表的通知,教学运行,2022/9/8,https://jwch.fzu.edu.cn/system/_content/download.jsp?urltype=news.DownloadAttachUrl&owner=1744984858&wbfileid=11930359,附件3：福州大学党政领导听课管理实施办法（福大教〔2022〕27号）.doc,870
,,,,,
关于铜盘校区学生往返旗山校区实验实习教学活动用车安排的通知（2022-2023学年第一学期第三周）,计划科,2022/9/7,0,0,0
,,,,,
关于2022年中秋节放假课程调整的通知,教学运行,2022/9/6,0,0,0
,,,,,
关于公布2022-2023学年第一学期通选课取消开课名单的通知,计划科,2022/9/5,https://jwch.fzu.edu.cn/system/_content/download.jsp?urltype=news.DownloadAttachUrl&owner=1744984858&wbfileid=11930286,2022-2023学年第二学期国情课列表.docx,1309
,,,,,
关于做好本科毕业论文（设计）抽检信息平台和专家库建设工作通知,实践科,2022/9/5,https://jwch.fzu.edu.cn/system/_content/download.jsp?urltype=news.DownloadAttachUrl&owner=1744984858&wbfileid=11930249,爱课程学生注册与选课指南.doc,2101
,,,,,
关于报名参加2022-2023学年第一学期国情教育网络培训的通知,计划科,2022/9/2,0,0,0
,,,,,
关于2022级体育理论教室安排表的通知,教学运行,2022/9/2,0,0,0
,,,,,
关于试点使用“全国大学生实习公共服务平台”的通知,实践科,2022/9/2,https://jwch.fzu.edu.cn/system/_content/download.jsp?urltype=news.DownloadAttachUrl&owner=1744984858&wbfileid=11930095,2023大物实验绪论（挂教务处） - 新.xlsx,780
,,,,,
关于开展福州大学2022年教师教学创新大赛的通知,质量办,2022/9/1,https://jwch.fzu.edu.cn/system/_content/download.jsp?urltype=news.DownloadAttachUrl&owner=1744984858&wbfileid=11925515,教务处2023年寒假用印安排.docx,1122
,,,,,
关于公布参加2022级“嘉锡化学拔尖班”选拔面试学生名单的通知,教研教改,2022/8/31,0,0,0
,,,,,
关于公布参加2022级“数理综合班”选拔面试学生名单的通知,教研教改,2022/8/31,0,0,0
,,,,,
关于公布参加2022级“数理金融实验班”选拔面试学生名单的通知,教研教改,2022/8/31,https://jwch.fzu.edu.cn/system/_content/download.jsp?urltype=news.DownloadAttachUrl&owner=1744984858&wbfileid=11925297,2201高数A（上）、B（上）、C（上）、D 期末考试 2023.1.8.xlsx,1892
,,,,,
关于开学第一周集中听课的通知,质量办,2022/8/28,https://jwch.fzu.edu.cn/system/_content/download.jsp?urltype=news.DownloadAttachUrl&owner=1744984858&wbfileid=11841253,2201概率期末考试2023.1.5下午排考版.xlsx,1926
,,,,,
关于2022-2023学年第一学期本科生学生证和火车票优惠卡补办及火车票优惠卡更改区间的通知,综合科,2022/8/28,https://jwch.fzu.edu.cn/system/_content/download.jsp?urltype=news.DownloadAttachUrl&owner=1744984858&wbfileid=11840885,附件下载.zip,1251
,,,,,
关于2022级福州大学本科生学生证信息采集的通知,综合科,2022/8/28,https://jwch.fzu.edu.cn/system/_content/download.jsp?urltype=news.DownloadAttachUrl&owner=1744984858&wbfileid=11840884,附件：2023届福州大学本科生毕业设计（论文）有关表格.zip,4629
,,,,,
关于开展2023年工程教育专业认证申请工作的通知,质量办,2022/8/28,https://jwch.fzu.edu.cn/system/_content/download.jsp?urltype=news.DownloadAttachUrl&owner=1744984858&wbfileid=11840827,2201线代、线代解几12.31下午 (附会议号).xlsx,1226
,,,,,
关于2022-2023第一学期学期选课、辅修选课补退选的通知,教学运行,2022/8/28,0,0,0
,,,,,
福州大学关于开展2022级“嘉锡化学拔尖班”招生工作的通知,教研教改,2022/8/26,0,0,0
,,,,,
福州大学关于开展2022级“数理综合班” 招生工作的通知,教研教改,2022/8/26,0,0,0
,,,,,
福州大学关于开展2022级“数理金融 实验班”招生工作的通知,教研教改,2022/8/26,0,0,0
,,,,,
关于2022级学生选修《大学信息技术基础》的通知,计划科,2022/8/24,0,0,0
,,,,,
关于2022-2023学年第一学期港澳台侨学生思政课和军事课程退选替代的通知,计划科,2022/8/24,https://jwch.fzu.edu.cn/system/_content/download.jsp?urltype=news.DownloadAttachUrl&owner=1744984858&wbfileid=14619311,附件1：福州大学教材管理实施细则（试行）.pdf,302
,,,,,
关于2022-2023学年第一学期通识教育选修课选课的通知,计划科,2022/8/24,https://jwch.fzu.edu.cn/system/_content/download.jsp?urltype=news.DownloadAttachUrl&owner=1744984858&wbfileid=11835861,附录：2023年美国大学生数学建模竞赛介绍及参赛流程.pdf,1444
,,,,,
关于公布第八届材料创新、设计及应用大赛获奖名单的通知,实践科,2022/7/9,0,0,0
,,,,,
关于公布第十九届程序设计竞赛获奖名单的通知,实践科,2022/7/9,0,0,0
,,,,,
关于公布第十二届大学生节能减排社会实践与科技竞赛获奖名单的通知,实践科,2022/7/9,https://jwch.fzu.edu.cn/system/_content/download.jsp?urltype=news.DownloadAttachUrl&owner=1744984858&wbfileid=11830327,福州大学2022年优秀教学管理人员申报表.doc,1033
,,,,,
关于公布第八届大学生用户体验设计大赛获奖名单的通知,实践科,2022/7/9,0,0,0
,,,,,
关于公布第二十二届数学竞赛获奖名单的通知,实践科,2022/7/9,https://jwch.fzu.edu.cn/system/_content/download.jsp?urltype=news.DownloadAttachUrl&owner=1744984858&wbfileid=11829500,2201制图A、C、D、F期末考试 12.18上午.xlsx,1087
,,,,,
关于公布第十一届大学生软件设计与服务外包创新创业竞赛获奖名单的通知,实践科,2022/7/9,https://jwch.fzu.edu.cn/system/_content/download.jsp?urltype=news.DownloadAttachUrl&owner=1744984858&wbfileid=11829326,附件.zip,2829
,,,,,
关于公布福州大学2022届本科生优秀毕业设计（论文）名单的通知,实践科,2022/7/9,0,0,0
,,,,,
教务处关于2022年暑假工作安排的通知,综合科,2022/7/9,https://jwch.fzu.edu.cn/system/_content/download.jsp?urltype=news.DownloadAttachUrl&owner=1744984858&wbfileid=11828618,2201习近平概论期末考安排.xlsx,2332
,,,,,
关于举办2022年福州大学大学生工程实践与创新能力大赛的通知,实践科,2022/7/8,https://jwch.fzu.edu.cn/system/_content/download.jsp?urltype=news.DownloadAttachUrl&owner=1744984858&wbfileid=11828617,2201马克思主义基本原理期末考安排.xlsx,1320
,,,,,
关于2022届本科毕业生第三批毕业数据报送等相关工作的通知,教学运行,2022/7/8,0,0,0
,,,,,
关于组织参加2022年全省本科教育管理人员视频培训班的通知,综合科,2022/7/5,https://jwch.fzu.edu.cn/system/_content/download.jsp?urltype=news.DownloadAttachUrl&owner=1744984858&wbfileid=11828329,12.3-12.12改造教室本科课表.xlsx,1146
,,,,,
关于2022-2023学年第一学期辅修专业选课的通知,教学运行,2022/7/4,0,0,0
,,,,,
关于进一步加强校院两级本科教学督导工作的若干要求,质量办,2022/7/4,https://jwch.fzu.edu.cn/system/_content/download.jsp?urltype=news.DownloadAttachUrl&owner=1744984858&wbfileid=11827959,附件2：福州大学第九届桥梁设计大赛报名表.doc,1070
,,,,,
关于召开2021-2022学年春季学期期末本科教学工作会议的通知,综合科,2022/7/1,0,0,0
,,,,,
关于做好期末复习考试及下学期开学等工作的通知,教学运行,2022/6/30,0,0,0
,,,,,
关于核对2022-2023学年第一学期通识教育选修课开课信息的有关通知,计划科,2022/6/29,https://jwch.fzu.edu.cn/system/_content/download.jsp?urltype=news.DownloadAttachUrl&owner=1744984858&wbfileid=11826264,2201高数A（下）期末考试12.11上午.xlsx,1267
,,,,,
福州大学关于公布第六届远志创业实验班学生名单的通知,教研教改,2022/6/24,https://jwch.fzu.edu.cn/system/_content/download.jsp?urltype=news.DownloadAttachUrl&owner=1744984858&wbfileid=11826267,2201计算机语言课程期末考试12.4.xlsx,1161
,,,,,
关于公布2022年大学生劳动教育实践基地立项项目的通知,实践科,2022/6/23,https://jwch.fzu.edu.cn/system/_content/download.jsp?urltype=news.DownloadAttachUrl&owner=1744984858&wbfileid=11826119,2201近现代史纲要期末考试.xlsx,1217
