通知人,通知时间,有无附件,附件下载次数
【实践科】,2024-03-05,无附件,0
【教学运行】,2023-02-19,无附件,0
【实践科】,2023-04-20,无附件,0
【计划科】,2023-08-30,无附件,0
【计划科】,2023-02-18,无附件,0
【教学运行】,2024-04-07,有附件,396
【实践科】,2024-09-11,有附件,1015
【教学运行】,2024-05-29,有附件,249
【教学运行】,2024-06-21,有附件,385
【教研教改】,2023-08-29,无附件,0
【教学运行】,2023-04-19,无附件,0
【教学运行】,2024-04-07,有附件,477
【实践科】,2024-09-11,有附件,711
【教学运行】,2024-06-20,有附件,309
【实践科】,2023-08-29,有附件,847
【教学运行】,2023-04-19,有附件,731
【综合科】,2023-08-27,无附件,0
【教学运行】,2024-09-11,无附件,0
【教学运行】,2024-04-03,有附件,384
【实践科】,2024-01-08,有附件,3050
【教学运行】,2024-09-09,无附件,0
【教材中心】,2024-04-29,有附件,188
【教学运行】,2023-12-18,有附件,722
【教学运行】,2023-06-09,有附件,905
【教学运行】,2024-01-03,无附件,0
【教学运行】,2024-06-20,有附件,362
【综合科】,2024-09-06,无附件,0
【实践科】,2024-04-28,无附件,0
【教学运行】,2024-09-06,无附件,0
【实践科】,2024-03-05,有附件,3426
【教学运行】,2023-06-09,有附件,485
【计划科】,2024-03-04,无附件,0
【教学运行】,2024-04-28,有附件,372
【教学运行】,2023-09-25,无附件,0
【综合科】,2023-07-03,无附件,0
【综合科】,2024-02-29,无附件,0
【教学运行】,2023-03-21,无附件,0
【教学运行】,2023-06-30,无附件,0
【教材中心】,2023-05-18,有附件,947
【综合科】,2023-06-07,无附件,0
【教学运行】,2023-11-08,有附件,652
【教学运行】,2024-10-12,有附件,202
【教学运行】,2023-09-20,无附件,0
【实践科】,2024-04-26,无附件,0
【计划科】,2024-08-25,有附件,542
【实践科】,2024-11-13,有附件,721
【教学运行】,2023-08-27,无附件,0
【实践科】,2023-03-17,无附件,0
【计划科】,2023-06-05,无附件,0
【质量办】,2023-06-30,无附件,0
【实践科】,2023-04-17,有附件,1462
【教学运行】,2024-10-11,无附件,0
【教学运行】,2024-04-03,有附件,610
【教学运行】,2023-09-20,无附件,0
【教学运行】,2024-02-27,有附件,401
【教学运行】,2023-11-08,有附件,559
【教学运行】,2023-05-17,有附件,763
【计划科】,2023-02-17,有附件,1211
【计划科】,2024-08-25,有附件,1630
【实践科】,2023-09-19,无附件,0
【教学运行】,2024-11-12,有附件,109
【实践科】,2023-04-15,无附件,0
【教学运行】,2024-06-19,有附件,275
【教学运行】,2024-01-02,有附件,521
【教学运行】,2024-05-29,有附件,321
【实践科】,2024-09-05,有附件,238
【教研教改】,2023-05-17,无附件,0
【计划科】,2024-11-11,无附件,0
【教学运行】,2024-09-30,有附件,309
【教学运行】,2024-06-17,无附件,0
【实践科】,2023-04-14,无附件,0
【教材中心】,2024-11-11,无附件,0
【计划科】,2024-02-27,有附件,1689
【计划科】,2023-02-17,有附件,2023
【质量办】,2024-08-25,有附件,143
【实践科】,2023-05-17,无附件,0
【实践科】,2024-09-29,有附件,295
【实践科】,2023-02-14,无附件,0
【教学运行】,2024-06-17,有附件,369
【教学运行】,2024-11-08,有附件,2388
【质量办】,2024-09-05,有附件,113
【教学运行】,2024-08-25,无附件,0
【质量办】,2023-05-16,无附件,0
【教学运行】,2023-02-03,无附件,0
【实践科】,2024-02-26,有附件,2053
【教材中心】,2024-09-04,无附件,0
【质量办】,2024-09-29,有附件,209
【实践科】,2024-06-14,有附件,345
【教学运行】,2023-12-18,有附件,461
【教学运行】,2024-11-07,有附件,174
【实践科】,2024-04-26,有附件,2070
【教学运行】,2023-05-16,无附件,0
【教学运行】,2024-09-27,无附件,0
【质量办】,2024-08-02,有附件,296
【质量办】,2023-03-17,有附件,831
【综合科】,2024-04-02,有附件,250
【计划科】,2023-09-18,无附件,0
【综合科】,2024-09-04,无附件,0
【教研教改】,2024-11-05,无附件,0
【实践科】,2023-06-29,有附件,5559
【质量办】,2024-04-26,无附件,0
【计划科】,2024-02-25,有附件,653
【教学运行】,2024-04-01,无附件,0
【计划科】,2023-09-18,无附件,0
【计划科】,2023-05-15,无附件,0
【计划科】,2024-11-01,无附件,0
【教学运行】,2023-01-11,有附件,718
【教学运行】,2023-11-08,有附件,595
【综合科】,2024-09-02,无附件,0
【教学运行】,2024-08-01,无附件,0
【实践科】,2023-04-13,无附件,0
【教学运行】,2024-04-26,无附件,0
【质量办】,2023-12-15,有附件,829
【教学运行】,2024-01-02,有附件,747
【质量办】,2023-06-28,有附件,1020
【计划科】,2024-09-02,无附件,0
【质量办】,2024-04-24,无附件,0
【实践科】,2024-03-27,有附件,624
【教学运行】,2023-05-12,有附件,934
【教学运行】,2023-11-08,有附件,499
【计划科】,2023-06-27,无附件,0
【实践科】,2023-04-07,有附件,1106
【实践科】,2024-07-10,有附件,954
【综合科】,2023-01-09,有附件,1026
【实践科】,2023-12-06,有附件,442
【教学运行】,2024-04-24,无附件,0
【质量办】,2023-08-27,有附件,783
【教学运行】,2023-06-01,有附件,741
【计划科】,2023-01-04,无附件,0
【教学运行】,2024-01-02,有附件,483
【实践科】,2024-07-06,无附件,0
【综合科】,2023-03-15,无附件,0
【实践科】,2024-03-27,有附件,468
【教研教改】,2023-12-06,有附件,506
【教学运行】,2024-05-27,有附件,365
【实践科】,2023-05-31,无附件,0
【实践科】,2023-06-26,有附件,4225
【实践科】,2023-04-07,有附件,945
【综合科】,2023-08-27,无附件,0
【教学运行】,2023-01-04,无附件,0
【实践科】,2024-09-27,有附件,382
【实践科】,2024-04-23,有附件,1320
【教学运行】,2024-01-02,有附件,616
【实践科】,2024-02-25,有附件,650
【实践科】,2023-09-15,有附件,1689
【教材中心】,2024-09-25,无附件,0
【实践科】,2024-04-22,无附件,0
【教学运行】,2024-10-29,有附件,1014
【实践科】,2024-03-27,有附件,482
【教材中心】,2023-12-05,有附件,544
【教学运行】,2023-06-21,有附件,700
【教学运行】,2023-01-02,有附件,1823
【教学运行】,2024-09-24,无附件,0
【教学运行】,2024-01-02,有附件,354
【教学运行】,2024-09-02,有附件,229
【实践科】,2023-09-15,有附件,1778
【实践科】,2024-04-19,有附件,403
【质量办】,2024-10-28,有附件,59
【综合科】,2024-09-02,无附件,0
【教学运行】,2023-11-07,有附件,8703
【综合科】,2024-07-06,无附件,0
【教学运行】,2024-10-23,无附件,0
【教学运行】,2022-12-29,有附件,1857
【质量办】,2023-09-14,无附件,0
【教学运行】,2024-01-02,有附件,345
【实践科】,2024-04-19,无附件,0
【实践科】,2023-03-14,有附件,953
【教学运行】,2023-08-26,无附件,0
【教研教改】,2024-08-30,有附件,1237
【教学运行】,2023-11-07,有附件,705
【教研教改】,2023-09-14,无附件,0
【教学运行】,2023-04-07,有附件,1103
【实践科】,2024-04-17,无附件,0
【实践科】,2024-07-06,有附件,2057
【实践科】,2023-03-14,无附件,0
【教学运行】,2024-05-24,有附件,477
【实践科】,2022-12-27,有附件,1175
【计划科】,2023-11-06,无附件,0
【实践科】,2023-12-29,有附件,714
【质量办】,2023-05-12,无附件,0
【教材中心】,2024-10-21,无附件,0
【教研教改】,2023-09-14,无附件,0
【计划科】,2024-02-25,有附件,342
【计划科】,2023-08-26,有附件,896
【质量办】,2024-04-17,无附件,0
【教研教改】,2024-07-01,无附件,0
【教学运行】,2024-05-24,有附件,327
【实践科】,2023-12-28,无附件,0
【教学运行】,2023-06-21,有附件,846
【质量办】,2023-05-12,无附件,0
【质量办】,2024-10-21,无附件,0
【教学运行】,2023-04-06,有附件,864
【实践科】,2024-03-22,有附件,435
【教学运行】,2024-06-12,有附件,318
【综合科】,2024-04-12,无附件,0
【教研教改】,2023-09-14,无附件,0
【计划科】,2024-09-23,有附件,694
【实践科】,2022-12-27,有附件,4538
【实践科】,2024-03-21,无附件,0
【实践科】,2023-05-08,无附件,0
【质量办】,2023-10-30,有附件,427
【教学运行】,2023-04-03,无附件,0
【质量办】,2024-02-25,有附件,245
【计划科】,2024-04-11,无附件,0
【教学运行】,2023-09-11,无附件,0
【实践科】,2024-06-11,有附件,557
【实践科】,2023-06-20,有附件,1170
【教学运行】,2024-03-18,无附件,0
【计划科】,2024-09-23,有附件,3703
【计划科】,2023-05-08,无附件,0
【教学运行】,2024-02-25,无附件,0
【综合科】,2023-10-24,无附件,0
【教研教改】,2023-12-26,有附件,426
【实践科】,2023-05-30,有附件,2755
【教学运行】,2022-12-26,有附件,1142
【综合科】,2024-08-30,无附件,0
【计划科】,2024-09-23,无附件,0
【综合科】,2024-03-14,无附件,0
【实践科】,2023-06-20,无附件,0
【教材中心】,2023-10-23,无附件,0
【教学运行】,2023-09-08,有附件,793
【实践科】,2024-04-10,有附件,5473
【教学运行】,2022-12-26,无附件,0
【实践科】,2023-05-30,无附件,0
【教研教改】,2024-08-30,无附件,0
【实践科】,2024-02-06,有附件,436
【实践科】,2024-06-07,有附件,1484
【质量办】,2024-09-20,无附件,0
【教学运行】,2024-07-01,无附件,0
【实践科】,2023-06-20,无附件,0
【实践科】,2023-10-20,无附件,0
【实践科】,2023-05-30,无附件,0
【教学运行】,2023-12-05,有附件,607
【教研教改】,2024-06-05,无附件,0
【教学运行】,2024-09-20,无附件,0
【实践科】,2024-05-22,有附件,1646
【计划科】,2023-08-26,有附件,2489
【综合科】,2024-06-29,无附件,0
【实践科】,2023-06-20,无附件,0
【教学运行】,2024-01-20,有附件,649
【质量办】,2024-09-20,无附件,0
【教学运行】,2024-10-21,有附件,668
【教学运行】,2023-12-05,有附件,658
【教研教改】,2024-06-05,无附件,0
【实践科】,2023-06-20,无附件,0
【综合科】,2024-01-20,无附件,0
【教学运行】,2024-09-19,无附件,0
【教研教改】,2023-08-26,有附件,1886
【教研教改】,2024-05-22,有附件,234
【教研教改】,2024-08-30,有附件,1586
【教研教改】,2023-12-26,有附件,486
【质量办】,2024-09-14,无附件,0
【教学运行】,2023-09-06,无附件,0
【教学运行】,2024-10-18,有附件,340
【实践科】,2024-03-13,无附件,0
【教材中心】,2024-01-18,有附件,530
【教研教改】,2024-08-30,有附件,959
【质量办】,2023-12-26,无附件,0
【教学运行】,2023-09-06,无附件,0
【教研教改】,2023-08-26,有附件,820
【质量办】,2024-01-12,无附件,0
【教材中心】,2022-12-26,有附件,202
【教研教改】,2024-05-17,有附件,883
【计划科】,2024-03-13,无附件,0
【实践科】,2023-05-30,无附件,0
【教学运行】,2023-10-19,无附件,0
【教学运行】,2024-04-10,有附件,327
【教学运行】,2023-12-25,无附件,0
【教学运行】,2024-08-26,无附件,0
【质量办】,2024-09-14,有附件,174
【计划科】,2023-09-05,无附件,0
【质量办】,2024-10-16,有附件,351
【计划科】,2024-01-11,无附件,0
【综合科】,2024-03-13,无附件,0
【教学运行】,2024-06-26,无附件,0
【教研教改】,2023-08-26,有附件,719
【质量办】,2023-10-19,无附件,0
【教学运行】,2023-12-25,无附件,0
【实践科】,2023-03-31,有附件,834
【教研教改】,2024-06-05,无附件,0
【计划科】,2024-09-13,无附件,0
【教学运行】,2023-05-26,有附件,764
【综合科】,2023-09-01,无附件,0
【质量办】,2024-10-15,无附件,0
【实践科】,2022-12-19,有附件,1357
【质量办】,2024-04-08,有附件,507
【综合科】,2024-01-10,无附件,0
【教学运行】,2023-06-19,无附件,0
【教研教改】,2023-05-05,有附件,1003
【教学运行】,2024-05-15,有附件,397
【实践科】,2024-06-26,无附件,0
【实践科】,2023-08-23,无附件,0
【计划科】,2024-06-05,无附件,0
【实践科】,2024-10-15,无附件,0
【教学运行】,2022-12-16,无附件,0
【教研教改】,2023-08-30,无附件,0
【教学运行】,2024-05-15,无附件,0
【教学运行】,2024-01-09,无附件,0
【教学运行】,2022-11-16,有附件,1019
【综合科】,2023-08-21,无附件,0
【教材中心】,2024-09-13,无附件,0
【教学运行】,2023-06-19,无附件,0
【实践科】,2023-03-29,有附件,1063
【实践科】,2024-06-26,无附件,0
【质量办】,2023-05-05,无附件,0
【质量办】,2024-06-05,无附件,0
【教学运行】,2023-05-26,有附件,849
【综合科】,2022-12-15,有附件,957
【质量办】,2024-10-15,无附件,0
【综合科】,2022-12-15,无附件,0
【教研教改】,2023-08-30,无附件,0
【实践科】,2023-05-05,无附件,0
【质量办】,2023-06-15,无附件,0
【计划科】,2024-10-14,无附件,0
【实践科】,2023-08-21,有附件,625
【教学运行】,2022-11-16,有附件,1675
【计划科】,2022-09-02,无附件,0
【教材中心】,2024-06-04,有附件,325
【教学运行】,2023-05-26,有附件,763
【实践科】,2023-12-04,有附件,3164
【教研教改】,2023-12-21,无附件,0
【教研教改】,2023-06-14,有附件,669
【教学运行】,2022-09-02,无附件,0
【实践科】,2024-03-12,有附件,681
【教学运行】,2023-10-17,有附件,715
【教学运行】,2022-11-15,无附件,0
【计划科】,2023-12-04,无附件,0
【教研教改】,2023-06-13,无附件,0
【计划科】,2022-09-29,无附件,0
【教学运行】,2024-03-11,无附件,0
【教学运行】,2023-12-21,有附件,546
【实践科】,2022-05-24,有附件,2068
【教材中心】,2024-06-25,无附件,0
【教学运行】,2022-06-17,有附件,1295
【实践科】,2023-08-14,有附件,1302
【教学运行】,2023-05-26,有附件,863
【实践科】,2022-11-11,无附件,0
【实践科】,2022-09-02,有附件,1632
【教学运行】,2022-12-14,无附件,0
【计划科】,2024-03-11,无附件,0
【实践科】,2022-07-09,无附件,0
【综合科】,2022-05-23,无附件,0
【计划科】,2024-06-25,无附件,0
【计划科】,2022-06-16,无附件,0
【教研教改】,2022-09-28,有附件,1080
【计划科】,2022-11-08,无附件,0
【教学运行】,2023-12-21,有附件,454
【实践科】,2022-07-09,无附件,0
【教研教改】,2024-06-21,无附件,0
【教学运行】,2022-12-09,有附件,1023
【实践科】,2022-05-23,无附件,0
【实践科】,2022-05-04,无附件,0
【质量办】,2024-03-06,有附件,264
【计划科】,2023-06-12,无附件,0
【实践科】,2022-09-23,有附件,1157
【教学运行】,2024-06-04,有附件,349
【教学运行】,2022-11-07,有附件,4457
【实践科】,2022-07-09,无附件,0
【教学运行】,2022-06-15,有附件,1407
【教学运行】,2023-12-21,有附件,405
【教研教改】,2024-06-21,无附件,0
【实践科】,2022-05-23,无附件,0
【教学运行】,2024-05-15,有附件,512
【质量办】,2023-03-27,有附件,1041
【计划科】,2022-06-09,无附件,0
【实践科】,2022-12-08,有附件,2762
【教研教改】,2022-11-03,无附件,0
【实践科】,2024-05-11,无附件,0
【教研教改】,2022-05-04,有附件,1292
【实践科】,2022-07-09,无附件,0
【质量办】,2022-04-06,无附件,0
【实践科】,2023-11-29,有附件,539
【综合科】,2022-11-03,无附件,0
【实践科】,2023-12-19,有附件,1878
【教材中心】,2022-05-23,有附件,1380
【计划科】,2022-11-01,无附件,0
【教研教改】,2023-11-28,无附件,0
【实践科】,2022-06-09,有附件,5666
【教学运行】,2022-01-04,无附件,0
【实践科】,2023-03-27,有附件,1448
【质量办】,2022-09-01,有附件,996
【计划科】,2022-05-20,无附件,0
【实践科】,2024-05-10,有附件,813
【综合科】,2023-03-24,无附件,0
【教学运行】,2022-01-04,无附件,0
【教研教改】,2022-08-31,无附件,0
【质量办】,2023-08-04,无附件,0
【实践科】,2022-05-17,无附件,0
【实践科】,2024-05-10,无附件,0
【教学运行】,2023-11-27,有附件,550
【实践科】,2022-06-09,无附件,0
【实践科】,2022-09-23,无附件,0
【质量办】,2022-10-26,有附件,1512
【质量办】,2021-12-08,有附件,1500
【教材中心】,2023-03-23,无附件,0
【教研教改】,2022-08-31,无附件,0
【综合科】,2023-08-02,无附件,0
【综合科】,2021-12-31,无附件,0
【质量办】,2022-06-08,无附件,0
【教学运行】,2022-09-23,无附件,0
【教材中心】,2024-05-09,无附件,0
【教学运行】,2022-10-20,无附件,0
【教学运行】,2024-06-04,有附件,290
【教学运行】,2023-05-24,有附件,906
【教研教改】,2022-08-31,无附件,0
【教学运行】,2022-12-08,无附件,0
【教研教改】,2022-06-08,无附件,0
【实践科】,2022-04-29,无附件,0
【计划科】,2022-10-12,无附件,0
【综合科】,2022-07-09,无附件,0
【质量办】,2022-03-10,有附件,1023
【计划科】,2021-12-31,无附件,0
【综合科】,2023-07-08,无附件,0
【教研教改】,2021-11-09,有附件,2055
【实践科】,2021-12-08,有附件,972
【实践科】,2022-04-04,有附件,960
【教学运行】,2022-05-16,有附件,934
【教研教改】,2023-05-22,有附件,1019
【实践科】,2022-06-06,无附件,0
【教学运行】,2023-10-16,有附件,548
【实践科】,2022-07-08,有附件,2415
【教学通知】,2024-05-30,有附件,184
【教学运行】,2022-03-08,无附件,0
【教学运行】,2022-12-06,有附件,2215
【实践科】,2022-04-28,有附件,2912
【质量办】,2022-08-28,有附件,1359
【教学运行】,2021-12-29,无附件,0
【教学运行】,2022-07-08,无附件,0
【质量办】,2023-05-22,无附件,0
【综合科】,2022-08-28,无附件,0
【教学运行】,2021-11-04,有附件,1571
【实践科】,2022-04-04,有附件,960
【教学通知】,2021-10-12,无附件,0
【实践科】,2023-10-16,有附件,599
【教学运行】,2024-05-30,无附件,0
【综合科】,2023-05-22,无附件,0
【实践科】,2021-12-08,有附件,1301
【计划科】,2021-11-04,无附件,0
【综合科】,2022-08-28,无附件,0
【计划科】,2022-09-21,无附件,0
【教学运行】,2022-12-06,有附件,1240
【实践科】,2022-04-04,有附件,1018
【教学运行】,2023-11-27,有附件,603
【实践科】,2022-12-05,无附件,0
【实践科】,2021-10-12,有附件,879
【实践科】,2021-11-03,有附件,4752
【质量办】,2022-08-28,有附件,1271
【质量办】,2022-09-21,有附件,2377
【教材中心】,2023-11-23,有附件,573
【教学运行】,2021-12-29,有附件,1021
【教学运行】,2023-10-16,有附件,1087
【实践科】,2021-12-08,无附件,0
【教学运行】,2022-09-21,无附件,0
【教材中心】,2022-06-02,有附件,1312
【实践科】,2022-03-04,无附件,0
【教学运行】,2022-08-28,无附件,0
【教学运行】,2022-05-16,有附件,1049
【教学运行】,2023-10-09,无附件,0
【实践科】,2021-12-08,无附件,0
【质量办】,2021-11-02,有附件,1073
【实践科】,2023-11-22,有附件,1685
【实践科】,2022-04-28,有附件,2772
【教学运行】,2021-12-29,有附件,1000
【计划科】,2022-02-28,无附件,0
【计划科】,2022-06-02,无附件,0
【综合科】,2024-05-08,无附件,0
【质量办】,2021-12-03,无附件,0
【质量办】,2021-11-02,无附件,0
【教学运行】,2023-03-22,有附件,1040
【实践科】,2023-05-18,有附件,2318
【实践科】,2022-10-10,无附件,0
【质量办】,2023-10-08,有附件,603
【教学运行】,2021-09-13,无附件,0
【计划科】,2022-04-26,无附件,0
【实践科】,2022-02-24,无附件,0
【教研教改】,2022-05-31,无附件,0
【教研教改】,2022-08-26,有附件,1600
【计划科】,2023-03-21,无附件,0
【计划科】,2021-11-01,无附件,0
【教学运行】,2022-05-16,有附件,1091
【实践科】,2023-11-17,有附件,552
【教学运行】,2022-10-10,无附件,0
【教学运行】,2021-09-13,无附件,0
【实践科】,2022-03-30,有附件,1121
【教材中心】,2021-11-30,有附件,1130
【教学运行】,2021-12-29,有附件,893
【实践科】,2023-05-18,有附件,1212
【教学运行】,2021-11-01,无附件,0
【质量办】,2022-05-31,有附件,1267
【教学运行】,2022-05-16,无附件,0
【教学运行】,2023-10-08,有附件,749
【计划科】,2021-11-29,无附件,0
【教学运行】,2022-12-02,有附件,1074
【实践科】,2022-02-24,有附件,1250
【综合科】,2023-11-14,无附件,0
【综合科】,2022-09-20,无附件,0
【教学运行】,2022-05-31,无附件,0
【综合科】,2022-07-05,有附件,1138
【教学运行】,2022-04-26,有附件,787
【教研教改】,2023-11-13,无附件,0
【质量办】,2022-05-11,无附件,0
【综合科】,2022-02-22,无附件,0
【质量办】,2021-10-29,有附件,1091
【教学通知】,2021-10-09,有附件,576
【综合科】,2021-11-29,无附件,0
【教学运行】,2022-07-04,无附件,0
【计划科】,2022-09-16,无附件,0
【质量办】,2022-04-22,无附件,0
【计划科】,2023-11-13,无附件,0
【计划科】,2024-05-07,无附件,0
【教研教改】,2022-04-21,无附件,0
【质量办】,2022-02-22,有附件,908
【教学通知】,2021-05-31,有附件,380
【教学运行】,2022-05-31,有附件,1286
【计划科】,2024-05-06,无附件,0
【计划科】,2022-10-06,无附件,0
【教研教改】,2022-05-11,有附件,2671
【教研教改】,2022-08-26,有附件,1580
【质量办】,2022-07-04,有附件,1229
【教学运行】,2021-09-11,无附件,0
【教研教改】,2022-05-31,无附件,0
【教学运行】,2022-04-21,无附件,0
【综合科】,2022-05-10,无附件,0
【教学运行】,2022-02-21,无附件,0
【教学运行】,2021-12-29,有附件,846
【实践科】,2022-03-29,有附件,4333
【综合科】,2022-07-01,无附件,0
【实践科】,2022-12-02,无附件,0
【教研教改】,2022-08-26,有附件,2034
【教研教改】,2021-09-11,无附件,0
【实践科】,2021-07-22,无附件,0
【教学运行】,2021-06-25,无附件,0
【计划科】,2022-05-09,无附件,0
【实践科】,2021-05-31,有附件,1512
【教学运行】,2021-10-09,无附件,0
【教学运行】,2022-02-20,无附件,0
【教研教改】,2021-10-28,无附件,0
【教学运行】,2022-05-30,有附件,1085
【教学运行】,2022-06-30,无附件,0
【质量办】,2022-04-21,有附件,875
【教学运行】,2021-06-25,无附件,0
【实践科】,2021-07-10,无附件,0
【教学运行】,2021-11-23,有附件,883
【计划科】,2022-02-20,无附件,0
【教学通知】,2021-10-26,无附件,0
【计划科】,2022-06-29,无附件,0
【教学运行】,2021-10-07,无附件,0
【实践科】,2022-11-30,有附件,1005
【实践科】,2022-04-19,无附件,0
【教学运行】,2022-09-15,有附件,1385
【教学通知】,2021-06-22,无附件,0
【实践科】,2021-05-07,无附件,0
【计划科】,2021-10-26,无附件,0
【实践科】,2024-04-30,无附件,0
【计划科】,2022-09-15,无附件,0
【计划科】,2022-11-28,无附件,0
【实践科】,2021-07-10,无附件,0
【教学通知】,2021-10-04,无附件,0
【计划科】,2022-02-18,有附件,1278
【教研教改】,2022-11-24,无附件,0
【实践科】,2024-04-30,无附件,0
【计划科】,2022-09-14,无附件,0
【教学运行】,2021-09-29,无附件,0
【实践科】,2022-04-19,有附件,1136
【教研教改】,2021-09-11,无附件,0
【计划科】,2022-08-24,无附件,0
【实践科】,2021-05-07,有附件,993
【教研教改】,2021-09-29,无附件,0
【教材中心】,2022-09-13,无附件,0
【实践科】,2022-04-18,无附件,0
【计划科】,2022-02-18,有附件,2360
【教学运行】,2022-11-24,有附件,1205
【综合科】,2021-09-09,无附件,0
【教学运行】,2022-09-13,无附件,0
【实践科】,2021-05-26,有附件,1132
【实践科】,2021-09-27,有附件,830
【教学运行】,2022-05-30,有附件,1333
【计划科】,2021-09-08,无附件,0
【实践科】,2021-03-30,有附件,853
【实践科】,2021-04-30,有附件,1124
【教学运行】,2022-09-08,无附件,0
【教学运行】,2021-11-23,有附件,934
【教学运行】,2021-06-22,无附件,0
【教学运行】,2022-11-24,有附件,1096
【教研教改】,2021-09-26,无附件,0
【计划科】,2022-05-30,无附件,0
【教学运行】,2021-03-30,无附件,0
【质量办】,2021-11-22,无附件,0
【计划科】,2022-09-07,无附件,0
【教学运行】,2021-06-22,无附件,0
【教学运行】,2021-12-29,有附件,883
【教学运行】,2022-03-29,无附件,0
【计划科】,2022-05-26,无附件,0
【质量办】,2022-05-09,无附件,0
【教研教改】,2021-09-26,无附件,0
【实践科】,2021-07-10,有附件,1113
【教学运行】,2022-09-06,无附件,0
【教学运行】,2021-11-22,无附件,0
【教学通知】,2021-09-08,有附件,513
【实践科】,2021-04-30,有附件,839
【教学运行】,2022-11-23,有附件,1146
【质量办】,2022-05-06,无附件,0
【计划科】,2021-09-24,无附件,0
【实践科】,2022-03-29,无附件,0
【教学通知】,2021-06-21,无附件,0
【实践科】,2022-04-15,无附件,0
【计划科】,2022-09-05,无附件,0
【实践科】,2021-03-30,有附件,813
【教研教改】,2021-09-06,无附件,0
【计划科】,2022-08-24,有附件,1368
【教研教改】,2022-06-24,无附件,0
【教学运行】,2022-02-18,无附件,0
【教学运行】,2022-11-23,无附件,0
【实践科】,2021-04-29,无附件,0
【教学运行】,2021-12-29,有附件,839
【质量办】,2022-03-24,无附件,0
【教学通知】,2021-09-23,无附件,0
【教学通知】,2021-06-10,无附件,0
【教学运行】,2022-05-06,无附件,0
【教学运行】,2021-11-19,有附件,7867
【实践科】,2021-05-26,无附件,0
【教研教改】,2021-09-06,无附件,0
【实践科】,2021-07-10,有附件,1321
【综合科】,2021-01-05,无附件,0
【教学运行】,2021-04-26,无附件,0
【实践科】,2022-04-13,有附件,1157
【综合科】,2021-12-28,无附件,0
【实践科】,2022-09-05,有附件,1413
【实践科】,2021-03-12,有附件,905
【计划科】,2022-08-24,有附件,1591
【教学运行】,2022-03-23,无附件,0
【教学运行】,2021-09-23,无附件,0
【质量办】,2021-11-16,无附件,0
【计划科】,2021-09-06,无附件,0
【实践科】,2022-06-23,有附件,1634
【实践科】,2022-01-11,有附件,7044
【教材中心】,2022-11-22,有附件,1229
【实践科】,2021-03-30,有附件,1378
【质量办】,2021-01-04,无附件,0
【综合科】,2021-07-09,无附件,0
【质量办】,2021-04-25,无附件,0
【实践科】,2021-06-10,无附件,0
【实践科】,2021-05-26,无附件,0
【教学运行】,2021-12-20,无附件,0
【教学运行】,2021-03-12,无附件,0
【综合科】,2021-11-15,无附件,0
【综合科】,2022-01-11,无附件,0
【实践科】,2022-07-09,无附件,0
【教学通知】,2021-09-21,无附件,0
【实践科】,2022-05-05,有附件,1855
【质量办】,2021-03-29,无附件,0
【实践科】,2022-04-12,有附件,2771
【教研教改】,2022-06-23,无附件,0
【教研教改】,2021-04-22,无附件,0
【实践科】,2021-07-08,无附件,0
【教学运行】,2020-12-31,无附件,0
【实践科】,2021-09-03,无附件,0
【实践科】,2021-06-10,无附件,0
【教研教改】,2022-03-21,有附件,989
【实践科】,2021-05-26,无附件,0
【教学运行】,2022-11-19,有附件,1180
【实践科】,2022-07-09,无附件,0
【教研教改】,2021-03-29,无附件,0
【计划科】,2022-06-23,无附件,0
【实践科】,2021-05-26,无附件,0
【教学运行】,2021-12-20,有附件,1178
【综合科】,2021-04-21,无附件,0
【教学通知】,2021-09-20,无附件,0
【实践科】,2021-06-10,无附件,0
【实践科】,2021-03-03,有附件,1163
【综合科】,2021-08-30,无附件,0
【实践科】,2022-04-12,有附件,1678
【教学通知】,2021-05-25,无附件,0
【教学运行】,2020-12-31,无附件,0
【实践科】,2022-05-05,有附件,1283
【实践科】,2021-11-15,有附件,1160
【实践科】,2021-07-08,有附件,2198
【教学运行】,2021-06-10,无附件,0
【计划科】,2021-02-28,无附件,0
【教学运行】,2021-08-30,无附件,0
【教学运行】,2021-09-17,无附件,0
【教学运行】,2021-04-21,无附件,0
【实践科】,2020-12-31,无附件,0
【教学运行】,2021-09-15,无附件,0
【教研教改】,2021-11-14,无附件,0
【教学运行】,2021-12-20,有附件,1004
【质量办】,2021-07-07,无附件,0
【计划科】,2021-02-28,无附件,0
【教研教改】,2022-04-11,有附件,1194
【教学运行】,2021-04-20,无附件,0
【教学运行】,2020-10-10,无附件,0
【综合科】,2021-11-12,无附件,0
【实践科】,2020-12-31,无附件,0
【质量办】,2021-04-15,无附件,0
【实践科】,2021-07-05,无附件,0
【计划科】,2021-11-10,无附件,0
【实践科】,2020-10-10,无附件,0
【实践科】,2021-12-15,有附件,1192
【质量办】,2021-02-26,有附件,747
【质量办】,2020-12-22,有附件,911
【综合科】,2021-03-26,无附件,0
【教学运行】,2022-06-17,无附件,0
【实践科】,2022-11-18,无附件,0
【实践科】,2022-01-10,有附件,6642
【教研教改】,2021-04-14,无附件,0
【实践科】,2022-03-21,有附件,912
【教研教改】,2020-10-05,无附件,0
【实践科】,2021-06-30,无附件,0
【质量办】,2020-12-22,无附件,0
【实践科】,2020-12-31,有附件,713
【实践科】,2021-02-26,有附件,911
【实践科】,2021-03-26,无附件,0
【教学运行】,2020-11-17,无附件,0
【教研教改】,2020-10-05,无附件,0
【教学运行】,2022-06-17,有附件,1564
【计划科】,2021-06-30,无附件,0
【教学运行】,2021-03-26,无附件,0
【实践科】,2020-09-16,无附件,0
【实践科】,2020-12-22,无附件,0
【质量办】,2021-05-24,有附件,949
【质量办】,2020-07-08,无附件,0
【实践科】,2020-12-29,无附件,0
【教学运行】,2021-02-25,无附件,0
【教学运行】,2022-01-10,有附件,1806
【实践科】,2022-03-21,有附件,2426
【质量办】,2020-11-17,无附件,0
【质量办】,2020-08-24,有附件,774
【实践科】,2021-04-13,有附件,1519
【实践科】,2021-06-08,有附件,837
【计划科】,2021-08-28,有附件,941
【教学通知】,2021-09-14,无附件,0
【教学运行】,2020-09-16,无附件,0
【教学运行】,2020-07-08,无附件,0
【实践科】,2021-03-26,无附件,0
【教学运行】,2020-12-29,无附件,0
【教学运行】,2022-06-17,有附件,1302
【教学运行】,2021-02-25,无附件,0
【综合科】,2022-03-20,无附件,0
【教学通知】,2021-05-21,无附件,0
【教学运行】,2022-04-08,无附件,0
【实践科】,2020-11-11,无附件,0
【综合科】,2020-09-15,无附件,0
【计划科】,2021-08-28,无附件,0
【教学通知】,2020-12-21,有附件,81
【教学运行】,2021-05-20,无附件,0
【教学运行】,2021-03-23,无附件,0
【计划科】,2020-11-11,无附件,0
【质量办】,2020-08-21,有附件,734
【教学运行】,2022-03-20,无附件,0
【教学运行】,2020-12-29,无附件,0
【教学运行】,2020-09-11,无附件,0
【教学通知】,2021-09-14,有附件,653
【实践科】,2020-12-16,无附件,0
【实践科】,2022-03-17,无附件,0
【质量办】,2021-12-15,有附件,960
【教学运行】,2020-12-28,无附件,0
【质量办】,2020-09-08,无附件,0
【实践科】,2020-08-19,无附件,0
【质量办】,2020-11-10,有附件,954
【质量办】,2020-09-30,无附件,0
【质量办】,2021-12-14,无附件,0
【计划科】,2020-09-07,无附件,0
【实践科】,2020-08-19,无附件,0
【教学运行】,2020-12-25,无附件,0
【教学通知】,2020-03-19,无附件,0
【实践科】,2020-12-14,有附件,900
【实践科】,2020-09-04,无附件,0
【质量办】,2022-03-17,有附件,1031
【教学运行】,2021-06-30,无附件,0
【教学运行】,2020-09-28,无附件,0
【教学运行】,2020-12-25,无附件,0
【教学运行】,2020-08-19,无附件,0
【教学运行】,2021-06-04,无附件,0
【实践科】,2022-01-06,有附件,1083
【教学运行】,2020-07-06,无附件,0
【教学运行】,2021-02-10,无附件,0
【教学通知】,2021-06-29,无附件,0
【教学通知】,2020-03-17,无附件,0
【实践科】,2020-12-25,无附件,0
【实践科】,2022-03-14,无附件,0
【综合科】,2020-09-27,无附件,0
【实践科】,2020-06-28,无附件,0
【教学运行】,2021-06-04,无附件,0
【质量办】,2020-03-05,无附件,0
【教学运行】,2021-05-19,无附件,0
【综合科】,2020-04-29,无附件,0
【教学运行】,2020-12-25,无附件,0
【综合科】,2021-01-18,无附件,0
【计划科】,2022-03-14,无附件,0
【实践科】,2021-03-23,有附件,3119
【质量办】,2020-05-28,无附件,0
【综合科】,2020-09-27,无附件,0
【教学通知】,2020-03-03,无附件,0
【教学通知】,2021-08-28,有附件,477
【实践科】,2022-01-04,有附件,844
【计划科】,2020-11-05,无附件,0
【教研教改】,2020-05-28,无附件,0
【教学运行】,2022-03-13,无附件,0
【教学运行】,2020-09-27,无附件,0
【综合科】,2021-03-23,无附件,0
【实践科】,2020-12-24,有附件,765
【教学运行】,2020-11-02,无附件,0
【教学运行】,2021-12-13,无附件,0
【教学通知】,2020-02-20,无附件,0
【实践科】,2021-01-15,有附件,991
【教学运行】,2020-05-25,无附件,0
【综合科】,2020-09-27,无附件,0
【综合科】,2021-03-17,无附件,0
【教学运行】,2020-10-30,无附件,0
【实践科】,2020-08-19,无附件,0
【教学通知】,2020-02-18,无附件,0
【教研教改】,2021-01-15,无附件,0
【实践科】,2020-12-11,有附件,695
【实践科】,2021-04-13,有附件,1080
【综合科】,2020-09-25,无附件,0
【教材中心】,2021-12-10,有附件,1039
【教学通知】,2020-05-22,无附件,0
【综合科】,2020-10-29,无附件,0
【教学运行】,2021-01-14,无附件,0
【教学通知】,2021-06-25,无附件,0
【教研教改】,2020-09-23,无附件,0
【质量办】,2020-06-28,无附件,0
【实践科】,2020-09-04,有附件,897
【教学运行】,2021-06-04,无附件,0
【教学运行】,2020-02-16,无附件,0
【教研教改】,2020-12-10,无附件,0
【教学运行】,2021-05-18,无附件,0
【质量办】,2020-10-28,无附件,0
【实践科】,2020-06-28,无附件,0
【教研教改】,2020-09-23,无附件,0
【质量办】,2021-01-13,无附件,0
【实践科】,2021-04-13,有附件,1010
【教学运行】,2020-04-27,无附件,0
【质量办】,2020-12-10,无附件,0
【教学运行】,2020-02-12,无附件,0
【教学运行】,2021-08-28,无附件,0
【教学通知】,2020-05-22,无附件,0
【实践科】,2019-11-22,无附件,0
【教学运行】,2020-10-28,无附件,0
【计划科】,2021-01-08,无附件,0
【教学通知】,2020-06-23,无附件,0
【教学通知】,2021-05-18,无附件,0
【实践科】,2020-10-22,无附件,0
【教学运行】,2020-06-22,无附件,0
【实践科】,2020-01-09,无附件,0
【教学通知】,2020-02-11,无附件,0
【教学运行】,2020-04-24,无附件,0
【教学通知】,2021-06-02,有附件,636
【教学运行】,2019-11-22,无附件,0
【教学通知】,2020-05-22,无附件,0
【质量办】,2021-01-06,无附件,0
【实践科】,2021-04-12,有附件,1007
【实践科】,2020-12-09,有附件,747
【质量办】,2021-05-18,无附件,0
【质量办】,2020-10-22,无附件,0
【综合科】,2020-04-22,无附件,0
【教学通知】,2020-06-19,无附件,0
【教学运行】,2020-05-22,无附件,0
【质量办】,2020-02-10,无附件,0
【实践科】,2019-11-21,无附件,0
【实践科】,2021-08-28,有附件,1048
【实践科】,2021-04-12,无附件,0
【教学通知】,2021-06-25,无附件,0
【实践科】,2020-12-09,有附件,753
【实践科】,2020-06-18,无附件,0
【教学运行】,2021-05-15,无附件,0
【实践科】,2021-03-17,有附件,819
【教学通知】,2020-02-06,无附件,0
【教研教改】,2020-09-01,无附件,0
【实践科】,2020-08-18,有附件,478
【实践科】,2020-05-20,无附件,0
【教学运行】,2021-04-06,无附件,0
【教学运行】,2021-08-28,无附件,0
【实践科】,2020-02-06,无附件,0
【教学运行】,2020-08-12,无附件,0
【计划科】,2020-09-01,无附件,0
【综合科】,2020-12-04,无附件,0
【教学运行】,2020-06-17,无附件,0
【实践科】,2020-09-21,无附件,0
【质量办】,2020-04-15,有附件,830
【教学通知】,2020-05-18,无附件,0
【计划科】,2020-12-03,无附件,0
【教学运行】,2020-12-23,无附件,0
【教学通知】,2020-02-03,无附件,0
【教学运行】,2020-08-28,无附件,0
【教学运行】,2020-05-15,无附件,0
【计划科】,2020-08-12,无附件,0
【教学运行】,2019-10-30,无附件,0
【实践科】,2019-12-27,无附件,0
【教学运行】,2020-12-23,无附件,0
【质量办】,2020-09-21,有附件,746
【教学运行】,2020-12-02,无附件,0
【教学通知】,2020-02-03,无附件,0
【综合科】,2021-01-05,无附件,0
【实践科】,2019-12-26,无附件,0
【教学运行】,2020-05-15,无附件,0
【质量办】,2020-04-15,有附件,773
【教学运行】,2021-06-25,无附件,0
【教学运行】,2020-12-23,无附件,0
【质量办】,2019-12-26,无附件,0
【教学运行】,2020-10-21,无附件,0
【教研教改】,2020-09-21,无附件,0
【教学运行】,2020-12-01,无附件,0
【教学运行】,2021-03-16,无附件,0
【综合科】,2021-06-02,有附件,886
【教学运行】,2020-05-15,无附件,0
【教学运行】,2021-06-25,无附件,0
【实践科】,2019-12-24,无附件,0
【实践科】,2020-10-21,无附件,0
【教学运行】,2019-11-21,无附件,0
【计划科】,2020-09-18,无附件,0
【综合科】,2021-01-05,无附件,0
【教学运行】,2020-12-23,无附件,0
【实践科】,2020-12-01,无附件,0
【计划科】,2021-03-16,无附件,0
【教学运行】,2020-09-18,无附件,0
【教学运行】,2021-06-25,无附件,0
【教学运行】,2020-06-16,无附件,0
【教学运行】,2019-12-23,无附件,0
【综合科】,2021-06-02,无附件,0
【教学运行】,2020-05-14,无附件,0
【综合科】,2020-10-21,无附件,0
【实践科】,2021-01-05,无附件,0
【教学运行】,2021-03-15,无附件,0
【教学运行】,2021-06-25,无附件,0
【教学运行】,2019-12-23,无附件,0
【质量办】,2020-06-15,无附件,0
【教学运行】,2020-12-01,无附件,0
【教研教改】,2020-09-17,无附件,0
【质量办】,2020-08-27,无附件,0
【实践科】,2019-09-19,无附件,0
【实践科】,2020-05-13,无附件,0
【计划科】,2021-03-15,无附件,0
【实践科】,2020-10-16,无附件,0
【实践科】,2021-04-01,有附件,816
【教学运行】,2019-12-23,无附件,0
【教学运行】,2019-10-30,无附件,0
【教学运行】,2020-08-10,无附件,0
【实践科】,2020-01-08,有附件,556
【实践科】,2019-09-19,无附件,0
【教学运行】,2021-03-15,无附件,0
【计划科】,2020-08-27,无附件,0
【教研教改】,2020-09-17,无附件,0
【质量办】,2020-10-15,无附件,0
【教学通知】,2020-05-13,无附件,0
【综合科】,2019-06-20,无附件,0
【实践科】,2020-01-08,无附件,0
【综合科】,2020-04-15,无附件,0
【实践科】,2019-10-28,无附件,0
【教学运行】,2019-09-01,无附件,0
【实践科】,2019-09-19,无附件,0
【综合科】,2020-01-06,无附件,0
【实践科】,2020-04-09,无附件,0
【计划科】,2020-10-14,无附件,0
【实践科】,2020-05-12,无附件,0
【教学运行】,2021-05-14,无附件,0
【计划科】,2020-08-27,无附件,0
【教学运行】,2019-06-20,无附件,0
【教学运行】,2019-09-01,无附件,0
【质量办】,2019-05-20,无附件,0
【实践科】,2019-04-24,无附件,0
【实践科】,2019-11-20,无附件,0
【实践科】,2020-10-12,无附件,0
【实践科】,2019-04-03,无附件,0
【综合科】,2019-09-19,无附件,0
【质量办】,2019-10-24,无附件,0
【教学运行】,2020-01-06,无附件,0
【实践科】,2020-08-27,无附件,0
【教学运行】,2019-07-04,无附件,0
【实践科】,2019-04-24,无附件,0
【实践科】,2019-11-19,无附件,0
【实践科】,2019-04-03,无附件,0
【质量办】,2021-05-12,无附件,0
【教学通知】,2020-05-08,无附件,0
【计划科】,2019-05-20,无附件,0
【实践科】,2019-09-19,无附件,0
【教学运行】,2020-01-06,无附件,0
【实践科】,2020-04-09,有附件,655
【实践科】,2019-04-23,无附件,0
【教学运行】,2020-08-26,无附件,0
【教学运行】,2020-11-23,无附件,0
【实践科】,2019-07-03,无附件,0
【教学运行】,2021-05-11,无附件,0
【教学运行】,2019-09-18,无附件,0
【教学通知】,2020-06-15,无附件,0
【教学运行】,2019-03-13,无附件,0
【教学通知】,2020-02-01,无附件,0
【教学运行】,2019-05-17,无附件,0
【教学运行】,2020-05-07,无附件,0
【教学运行】,2019-12-18,无附件,0
【教学运行】,2020-08-06,无附件,0
【质量办】,2020-08-25,无附件,0
【教学运行】,2020-01-03,无附件,0
【教学运行】,2019-03-13,无附件,0
【质量办】,2020-11-20,无附件,0
【综合科】,2019-07-03,无附件,0
【教学运行】,2019-04-22,无附件,0
【教学通知】,2020-01-27,无附件,0
【综合科】,2020-05-02,无附件,0
【教学运行】,2019-05-17,无附件,0
【综合科】,2019-12-09,无附件,0
【实践科】,2019-04-19,无附件,0
【综合科】,2020-01-16,无附件,0
【教学运行】,2020-08-25,无附件,0
【教学运行】,2019-03-07,无附件,0
【综合科】,2019-05-17,无附件,0
【教学运行】,2020-01-03,无附件,0
【教学运行】,2019-06-20,无附件,0
【实践科】,2020-01-14,无附件,0
【教研教改】,2020-08-24,无附件,0
【实践科】,2020-05-01,无附件,0
【实践科】,2019-05-16,无附件,0
【实践科】,2019-12-06,无附件,0
【教学运行】,2019-10-23,无附件,0
【教研教改】,2020-08-24,无附件,0
【实践科】,2021-06-01,无附件,0
【实践科】,2019-04-03,无附件,0
【实践科】,2019-11-15,无附件,0
【教学运行】,2019-06-20,无附件,0
【教学通知】,2020-01-10,无附件,0
【教学运行】,2020-01-03,无附件,0
【教学运行】,2019-05-15,无附件,0
【教学运行】,2019-12-06,无附件,0
【实践科】,2019-01-11,无附件,0
【教学通知】,2021-06-01,无附件,0
【综合科】,2019-10-23,无附件,0
【教学运行】,2019-09-18,无附件,0
【综合科】,2021-05-10,无附件,0
【教学运行】,2019-04-03,无附件,0
【教学运行】,2019-06-20,无附件,0
【实践科】,2020-01-09,无附件,0
【实践科】,2019-05-15,无附件,0
【教学运行】,2019-12-03,无附件,0
【实践科】,2020-06-08,无附件,0
【教学运行】,2020-01-03,无附件,0
【质量办】,2019-11-14,无附件,0
【质量办】,2019-09-18,无附件,0
【教学运行】,2019-10-22,无附件,0
【实践科】,2019-04-01,无附件,0
【实践科】,2019-01-11,无附件,0
【教学运行】,2019-06-20,无附件,0
【教学运行】,2019-07-01,无附件,0
【教学运行】,2019-05-14,无附件,0
【教学运行】,2019-12-03,无附件,0
【实践科】,2018-12-24,有附件,386
【质量办】,2020-07-31,有附件,1004
【教学运行】,2019-04-17,无附件,0
【综合科】,2019-06-26,无附件,0
【教学运行】,2018-11-20,无附件,0
【教学运行】,2019-11-13,无附件,0
【教学运行】,2020-11-19,有附件,4217
【教学通知】,2020-06-05,无附件,0
【教学运行】,2019-10-21,无附件,0
【教学运行】,2018-10-17,无附件,0
【教学运行】,2019-04-01,无附件,0
【教学运行】,2020-01-03,无附件,0
【教学运行】,2019-06-17,无附件,0
【教学运行】,2019-03-06,无附件,0
【实践科】,2019-05-08,无附件,0
【综合科】,2019-01-08,无附件,0
【教学运行】,2019-12-02,无附件,0
【教学运行】,2018-12-21,无附件,0
【教学运行】,2019-11-12,无附件,0
【实践科】,2020-06-04,无附件,0
【实践科】,2019-04-17,无附件,0
【教学运行】,2018-11-19,无附件,0
【实践科】,2019-06-26,无附件,0
【实践科】,2019-12-02,无附件,0
【综合科】,2020-04-08,无附件,0
【实践科】,2019-05-08,无附件,0
【教学运行】,2019-06-14,无附件,0
【实践科】,2019-03-06,无附件,0
【实践科】,2018-10-17,无附件,0
【教学运行】,2019-01-03,无附件,0
【实践科】,2018-12-20,无附件,0
【综合科】,2020-04-07,无附件,0
【质量办】,2019-04-15,无附件,0
【质量办】,2019-11-11,无附件,0
【教学运行】,2019-11-29,无附件,0
【实践科】,2019-06-25,无附件,0
【实践科】,2019-05-07,无附件,0
【教学运行】,2019-06-10,无附件,0
【教学运行】,2019-03-05,无附件,0
【教学运行】,2019-04-12,无附件,0
【实践科】,2018-12-20,无附件,0
【实践科】,2020-04-01,无附件,0
【教学运行】,2019-03-04,无附件,0
【实践科】,2018-11-16,有附件,594
【教学运行】,2019-06-04,无附件,0
【实践科】,2019-11-11,无附件,0
【实践科】,2019-04-12,无附件,0
【实践科】,2019-06-25,无附件,0
【教学运行】,2019-09-18,无附件,0
【实践科】,2020-06-03,无附件,0
【教学通知】,2020-07-29,无附件,0
【教学运行】,2020-01-03,无附件,0
【实践科】,2019-06-03,无附件,0
【计划科】,2019-11-11,无附件,0
【教材中心】,2019-05-06,有附件,973
【实践科】,2018-11-15,无附件,0
【综合科】,2020-04-01,无附件,0
【教学运行】,2018-12-19,无附件,0
【实践科】,2019-05-31,无附件,0
【实践科】,2019-11-11,无附件,0
【实践科】,2019-06-25,无附件,0
【实践科】,2019-03-29,无附件,0
【教学通知】,2020-07-27,无附件,0
【教学运行】,2020-01-03,无附件,0
【实践科】,2019-10-14,无附件,0
【教学运行】,2018-12-19,无附件,0
【实践科】,2019-06-25,无附件,0
【实践科】,2019-03-29,无附件,0
【质量办】,2019-05-06,有附件,712
【实践科】,2019-06-25,无附件,0
【教学通知】,2020-07-23,无附件,0
【教学运行】,2019-01-03,无附件,0
【教学运行】,2019-03-27,无附件,0
【实践科】,2018-10-17,无附件,0
【教学运行】,2020-01-03,无附件,0
【教学运行】,2019-10-12,无附件,0
【质量办】,2019-11-28,无附件,0
【实践科】,2019-12-31,无附件,0
【教学运行】,2018-10-15,无附件,0
【质量办】,2019-03-27,无附件,0
【质量办】,2020-07-10,无附件,0
【教学运行】,2019-01-03,无附件,0
【实践科】,2019-03-22,无附件,0
【教学运行】,2019-10-11,无附件,0
【实践科】,2020-07-10,无附件,0
【质量办】,2019-09-18,无附件,0
【教学运行】,2019-03-01,无附件,0
【实践科】,2019-12-28,无附件,0
【教学运行】,2019-01-03,无附件,0
【实践科】,2019-04-10,无附件,0
【实践科】,2018-10-11,无附件,0
【实践科】,2020-05-29,无附件,0
【教学运行】,2019-09-30,无附件,0
【教学运行】,2019-01-03,无附件,0
【实践科】,2019-03-22,无附件,0
【综合科】,2020-07-09,无附件,0
【质量办】,2019-02-25,无附件,0
【实践科】,2019-11-08,无附件,0
【质量办】,2020-07-08,无附件,0
【实践科】,2019-09-25,无附件,0
【教学运行】,2019-01-03,无附件,0
【教学运行】,2018-10-11,无附件,0
【实践科】,2020-05-29,无附件,0
【实践科】,2020-03-31,有附件,532
【教学运行】,2018-12-19,无附件,0
【实践科】,2019-11-06,无附件,0
【教学运行】,2019-02-25,无附件,0
【教学运行】,2018-10-09,无附件,0
【教学运行】,2019-04-30,无附件,0
【实践科】,2019-09-25,无附件,0
【实践科】,2019-11-25,无附件,0
【质量办】,2019-02-24,无附件,0
【综合科】,2020-03-30,无附件,0
【教学运行】,2019-09-24,无附件,0
【教学运行】,2019-11-25,无附件,0
【教学运行】,2018-09-28,无附件,0
【教学运行】,2019-02-24,无附件,0
【综合科】,2020-03-28,无附件,0
【质量办】,2019-09-24,无附件,0
【综合科】,2019-09-16,无附件,0
【质量办】,2019-11-25,无附件,0
【教学运行】,2019-05-31,无附件,0
【教学运行】,2019-04-10,无附件,0
【教学运行】,2018-09-27,无附件,0
【综合科】,2018-11-15,有附件,773
【教学运行】,2019-09-23,无附件,0
【教学运行】,2019-05-29,无附件,0
【实践科】,2019-03-22,无附件,0
【教学运行】,2019-04-09,无附件,0
【实践科】,2020-03-27,有附件,744
【实践科】,2018-11-15,无附件,0
【实践科】,2019-09-23,无附件,0
【综合科】,2018-09-26,无附件,0
【教学运行】,2019-01-03,无附件,0
【教学运行】,2020-07-08,无附件,0
【实践科】,2019-05-24,无附件,0
【实践科】,2018-12-18,无附件,0
【实践科】,2019-06-25,无附件,0
【教学运行】,2019-03-21,无附件,0
【教学运行】,2019-04-30,无附件,0
【实践科】,2019-04-08,无附件,0
【实践科】,2018-11-15,无附件,0
【教学运行】,2018-09-26,无附件,0
【实践科】,2019-09-20,无附件,0
【教学运行】,2019-01-03,无附件,0
【教学运行】,2019-11-06,无附件,0
【实践科】,2019-04-08,无附件,0
【教学运行】,2018-09-25,无附件,0
【实践科】,2019-09-19,无附件,0
【教学运行】,2019-03-20,无附件,0
【教学运行】,2018-11-14,无附件,0
【教学运行】,2019-02-24,无附件,0
【实践科】,2019-12-27,无附件,0
【教学运行】,2019-03-20,无附件,0
【实践科】,2019-04-08,无附件,0
【质量办】,2018-09-25,无附件,0
【教学运行】,2018-11-07,无附件,0
【综合科】,2019-11-05,有附件,949
【质量办】,2019-09-16,无附件,0
【实践科】,2019-01-02,有附件,528
【教学运行】,2019-02-24,无附件,0
【实践科】,2019-03-20,无附件,0
【实践科】,2019-04-04,无附件,0
【教学运行】,2019-11-05,无附件,0
【质量办】,2018-11-06,无附件,0
【实践科】,2019-12-27,无附件,0
【实践科】,2019-09-12,无附件,0
【综合科】,2019-02-21,无附件,0
【教学运行】,2018-09-25,无附件,0
【综合科】,2019-11-04,无附件,0
【教学运行】,2019-09-11,无附件,0
【实践科】,2019-04-04,无附件,0
【教学运行】,2018-09-21,无附件,0
【教研教改】,2019-01-19,无附件,0
【实践科】,2019-05-24,无附件,0
【实践科】,2020-03-27,有附件,566
【实践科】,2019-04-29,无附件,0
【实践科】,2019-04-03,无附件,0
【实践科】,2019-01-02,无附件,0
【实践科】,2018-12-17,有附件,595
【教学运行】,2019-04-03,无附件,0
【教学运行】,2020-03-26,无附件,0
【教研教改】,2019-01-19,无附件,0
【教学运行】,2019-01-18,无附件,0
【实践科】,2020-03-20,无附件,0
【教学运行】,2019-01-16,无附件,0
【教学运行】,2018-10-31,无附件,0
【实践科】,2019-06-25,无附件,0
【教学运行】,2019-03-19,无附件,0
【质量办】,2019-06-24,无附件,0
【实践科】,2019-09-10,无附件,0
【教学运行】,2018-12-14,无附件,0
【实践科】,2019-04-28,无附件,0
【教学运行】,2019-09-09,无附件,0
【教学运行】,2018-12-12,无附件,0
【实践科】,2019-04-26,无附件,0
【教学运行】,2019-09-09,无附件,0
【实践科】,2019-01-15,无附件,0
【实践科】,2018-12-11,无附件,0
【教学运行】,2019-04-26,无附件,0
【实践科】,2019-12-27,无附件,0
【实践科】,2018-12-11,无附件,0
【教学运行】,2018-09-21,无附件,0
【实践科】,2019-05-24,无附件,0
【综合科】,2019-03-18,无附件,0
【教学运行】,2019-12-27,无附件,0
【教学运行】,2018-12-28,无附件,0
【教学运行】,2018-09-19,无附件,0
【实践科】,2019-03-13,无附件,0
【实践科】,2019-05-24,无附件,0
【教学运行】,2018-12-28,无附件,0
【综合科】,2019-05-24,无附件,0
【实践科】,2018-09-19,无附件,0
【教学运行】,2019-09-05,无附件,0
【综合科】,2019-05-23,无附件,0
【质量办】,2019-09-02,无附件,0
【实践科】,2018-10-30,有附件,461
【质量办】,2019-06-24,无附件,0
【综合科】,2018-12-10,无附件,0
【教学运行】,2018-10-29,无附件,0
【教学运行】,2019-06-20,无附件,0
【教学运行】,2019-09-01,无附件,0
【教学运行】,2019-06-20,无附件,0
【教研教改】,2018-09-18,无附件,0
【实践科】,2018-12-28,有附件,681
【实践科】,2018-12-04,无附件,0
【教学运行】,2018-10-29,无附件,0
【教学运行】,2018-09-17,无附件,0
【教学运行】,2019-06-20,无附件,0
【实践科】,2018-12-28,有附件,723
【教学运行】,2018-10-29,无附件,0
【教学运行】,2018-12-28,无附件,0
【教学运行】,2018-12-25,无附件,0
【教学运行】,2018-12-24,无附件,0
【计划科】,2018-12-03,无附件,0
【教学运行】,2018-10-29,无附件,0
【教学运行】,2018-11-28,无附件,0
【教学运行】,2018-10-23,无附件,0
【实践科】,2018-11-27,无附件,0
【综合科】,2018-10-19,无附件,0
【教学运行】,2018-11-21,无附件,0
【质量办】,2018-10-19,无附件,0
【实践科】,2018-11-20,无附件,0
【质量办】,2018-10-17,无附件,0
